{"type":"FeatureCollection","features":[{"type":"Feature","properties":{"provinsi":"Nusa Tenggara Barat"},"geometry":{"type":"MultiPolygon","coordinates":[[[[117.627,-8.506],[117.635,-8.558],[117.734,-8.565],[117.771,-8.714],[117.8,-8.727],[117.865,-8.698],[117.964,-8.742],[118.042,-8.663],[118.259,-8.656],[118.26,-8.589],[118.092,-8.49],[118.075,-8.451],[117.975,-8.467],[117.69,-8.238],[117.719,-8.163],[117.923,-8.08],[118.14,-8.139],[118.177,-8.27],[118.237,-8.345],[118.306,-8.371],[118.482,-8.244],[118.654,-8.289],[118.696,-8.353],[118.666,-8.495],[118.713,-8.495],[118.703,-8.406],[118.805,-8.284],[119.009,-8.312],[118.996,-8.373],[119.055,-8.45],[119.058,-8.508],[119.019,-8.528],[119.04,-8.64],[119.163,-8.636],[119.161,-8.7],[119.136,-8.75],[118.973,-8.745],[118.909,-8.677],[118.872,-8.72],[118.749,-8.697],[118.736,-8.76],[118.911,-8.766],[118.952,-8.808],[118.909,-8.84],[118.823,-8.836],[118.76,-8.793],[118.434,-8.888],[118.368,-8.84],[118.415,-8.646],[118.112,-8.881],[118.071,-8.843],[117.888,-8.925],[117.678,-8.922],[117.411,-9.051],[117.206,-9.022],[117.135,-9.089],[117.016,-9.113],[116.957,-9.063],[116.794,-9.041],[116.728,-8.981],[116.734,-8.873],[116.803,-8.792],[116.753,-8.676],[116.831,-8.542],[116.994,-8.493],[117.122,-8.371],[117.39,-8.475],[117.442,-8.403],[117.565,-8.408],[117.624,-8.443],[117.627,-8.506]]],[[[116.387,-8.955],[116.374,-8.909],[116.192,-8.913],[116.174,-8.864],[116.023,-8.902],[115.941,-8.833],[115.833,-8.799],[115.819,-8.745],[115.852,-8.72],[115.913,-8.772],[116.068,-8.724],[116.098,-8.665],[116.094,-8.525],[116.058,-8.448],[116.282,-8.253],[116.37,-8.214],[116.65,-8.29],[116.715,-8.352],[116.665,-8.558],[116.51,-8.781],[116.568,-8.892],[116.477,-8.921],[116.452,-8.9],[116.475,-8.821],[116.429,-8.828],[116.395,-8.863],[116.387,-8.955]]],[[[117.576,-8.149],[117.688,-8.174],[117.611,-8.238],[117.529,-8.391],[117.469,-8.356],[117.509,-8.274],[117.478,-8.259],[117.48,-8.191],[117.576,-8.149]]],[[[119.088,-8.129],[119.121,-8.221],[119.052,-8.261],[119.005,-8.23],[119.005,-8.176],[119.088,-8.129]]]]}},{"type":"Feature","properties":{"provinsi":"Gorontalo"},"geometry":{"type":"MultiPolygon","coordinates":[[[[122.188,1.045],[122.226,1.003],[122.467,1.025],[122.494,0.991],[122.654,0.95],[122.691,0.895],[122.847,0.816],[122.925,0.861],[122.948,0.966],[123.088,0.911],[123.117,0.929],[123.241,0.836],[123.257,0.75],[123.369,0.662],[123.494,0.636],[123.527,0.572],[123.519,0.45],[123.466,0.33],[123.27,0.326],[123.071,0.511],[122.713,0.478],[122.407,0.519],[122.281,0.475],[122.056,0.48],[121.814,0.414],[121.717,0.521],[121.534,0.55],[121.529,0.497],[121.346,0.474],[121.355,0.571],[121.247,0.598],[121.169,0.691],[121.226,0.708],[121.295,0.824],[121.386,0.871],[121.5,0.851],[121.882,0.973],[121.968,0.895],[122.068,0.997],[122.188,1.045]]]]}},{"type":"Feature","properties":{"provinsi":"Sulawesi Tenggara"},"geometry":{"type":"MultiPolygon","coordinates":[[[[120.984,-2.835],[121.078,-2.778],[121.167,-2.971],[121.21,-2.978],[121.256,-3.058],[121.315,-3.066],[121.356,-3.02],[121.487,-2.992],[121.646,-2.884],[121.724,-2.76],[121.797,-2.71],[121.819,-2.764],[121.899,-2.804],[121.94,-2.932],[122.09,-2.962],[122.131,-3.016],[122.192,-3.033],[122.19,-3.094],[122.274,-3.138],[122.286,-3.254],[122.313,-3.271],[122.293,-3.357],[122.391,-3.405],[122.372,-3.463],[122.322,-3.381],[122.278,-3.366],[122.238,-3.399],[122.302,-3.472],[122.276,-3.553],[122.199,-3.565],[122.196,-3.608],[122.367,-3.753],[122.448,-3.75],[122.515,-3.883],[122.672,-3.897],[122.604,-3.976],[122.663,-4.009],[122.643,-4.13],[122.793,-4.158],[122.844,-4.126],[122.772,-4.059],[122.842,-4.057],[122.906,-4.197],[122.904,-4.377],[122.84,-4.445],[122.684,-4.324],[122.664,-4.351],[122.767,-4.45],[122.746,-4.508],[122.586,-4.394],[122.503,-4.448],[122.421,-4.431],[122.083,-4.537],[122.025,-4.649],[122.024,-4.716],[122.108,-4.812],[121.992,-4.895],[121.905,-4.886],[121.808,-4.831],[121.663,-4.849],[121.651,-4.805],[121.563,-4.786],[121.455,-4.681],[121.459,-4.585],[121.522,-4.277],[121.565,-4.246],[121.609,-4.138],[121.599,-4.056],[121.337,-3.98],[121.294,-3.888],[121.021,-3.69],[120.876,-3.526],[120.859,-3.44],[121.051,-3.185],[121.085,-2.924],[120.984,-2.835]]],[[[122.975,-5.08],[122.943,-5.161],[122.963,-5.195],[123.033,-5.136],[123.215,-5.305],[123.135,-5.396],[123.015,-5.441],[122.973,-5.394],[122.888,-5.442],[122.846,-5.485],[122.897,-5.518],[122.897,-5.563],[122.797,-5.695],[122.744,-5.638],[122.661,-5.69],[122.623,-5.68],[122.564,-5.48],[122.648,-5.425],[122.617,-5.404],[122.651,-5.326],[122.733,-5.242],[122.794,-5.241],[122.806,-5.201],[122.737,-5.171],[122.789,-5.106],[122.802,-5.038],[122.769,-5.008],[122.812,-4.979],[122.832,-4.89],[122.808,-4.867],[122.859,-4.784],[122.831,-4.68],[122.851,-4.59],[122.91,-4.46],[123.041,-4.371],[123.199,-4.606],[123.211,-4.722],[123.172,-4.835],[123.15,-4.735],[123.104,-4.714],[122.994,-4.829],[123.002,-4.933],[122.956,-5.001],[122.975,-5.08]]],[[[122.312,-5.19],[122.322,-5.109],[122.382,-5.084],[122.378,-4.944],[122.321,-4.835],[122.374,-4.743],[122.537,-4.705],[122.669,-4.61],[122.731,-4.639],[122.727,-4.833],[122.763,-4.888],[122.586,-5.183],[122.638,-5.259],[122.64,-5.353],[122.599,-5.354],[122.545,-5.438],[122.512,-5.403],[122.525,-5.288],[122.481,-5.296],[122.496,-5.346],[122.464,-5.4],[122.276,-5.388],[122.269,-5.307],[122.312,-5.19]]],[[[121.806,-5.246],[121.86,-5.075],[121.93,-5.102],[121.947,-5.06],[121.986,-5.092],[121.992,-5.152],[122.027,-5.144],[122.061,-5.184],[122.043,-5.456],[121.945,-5.474],[121.802,-5.279],[121.806,-5.246]]],[[[123.003,-4.0],[123.03,-3.982],[123.087,-4.022],[123.216,-4.022],[123.254,-4.066],[123.254,-4.114],[123.119,-4.262],[122.996,-4.202],[122.945,-4.099],[123.003,-4.0]]],[[[123.537,-5.338],[123.517,-5.27],[123.581,-5.249],[123.647,-5.299],[123.618,-5.386],[123.537,-5.338]]],[[[124.076,-6.0],[123.987,-5.966],[123.992,-5.876],[124.05,-5.911],[124.076,-6.0]]],[[[123.093,-3.571],[123.161,-3.561],[123.181,-3.602],[123.113,-3.639],[123.045,-3.594],[123.093,-3.571]]],[[[123.722,-5.478],[123.827,-5.572],[123.785,-5.591],[123.722,-5.478]]],[[[123.959,-5.728],[123.998,-5.768],[123.929,-5.777],[123.896,-5.738],[123.959,-5.728]]],[[[122.548,-5.635],[122.532,-5.69],[122.488,-5.662],[122.508,-5.621],[122.548,-5.635]]],[[[122.418,-3.398],[122.47,-3.466],[122.437,-3.505],[122.401,-3.44],[122.418,-3.398]]]]}},{"type":"Feature","properties":{"provinsi":"DI Yogyakarta"},"geometry":{"type":"MultiPolygon","coordinates":[[[[110.012,-7.887],[110.043,-7.892],[110.063,-7.814],[110.132,-7.742],[110.143,-7.646],[110.26,-7.646],[110.255,-7.683],[110.445,-7.537],[110.498,-7.745],[110.543,-7.798],[110.657,-7.786],[110.787,-7.819],[110.759,-8.031],[110.789,-8.155],[110.836,-8.203],[110.677,-8.183],[110.439,-8.095],[110.012,-7.887]]]]}},{"type":"Feature","properties":{"provinsi":"Jawa Tengah"},"geometry":{"type":"MultiPolygon","coordinates":[[[[108.829,-6.746],[108.855,-6.799],[108.953,-6.837],[109.028,-6.775],[109.117,-6.849],[109.285,-6.874],[109.445,-6.836],[109.526,-6.783],[109.574,-6.837],[109.832,-6.911],[109.995,-6.926],[110.218,-6.859],[110.224,-6.899],[110.361,-6.958],[110.439,-6.947],[110.567,-6.805],[110.728,-6.449],[110.921,-6.407],[111.035,-6.421],[111.089,-6.595],[111.209,-6.688],[111.354,-6.701],[111.46,-6.661],[111.493,-6.616],[111.564,-6.638],[111.695,-6.753],[111.615,-6.837],[111.609,-6.904],[111.567,-6.952],[111.612,-6.971],[111.625,-7.066],[111.581,-7.201],[111.449,-7.281],[111.438,-7.354],[111.346,-7.352],[111.22,-7.295],[111.242,-7.249],[111.147,-7.263],[111.113,-7.416],[111.189,-7.604],[111.18,-7.71],[111.283,-7.745],[111.314,-7.851],[111.27,-7.93],[111.14,-7.938],[111.109,-8.066],[110.956,-8.064],[110.911,-8.121],[110.904,-8.21],[110.836,-8.203],[110.789,-8.155],[110.759,-8.031],[110.787,-7.819],[110.657,-7.786],[110.543,-7.798],[110.498,-7.745],[110.445,-7.537],[110.255,-7.683],[110.26,-7.646],[110.143,-7.646],[110.132,-7.742],[110.063,-7.814],[110.043,-7.892],[109.69,-7.793],[109.425,-7.768],[109.38,-7.724],[109.278,-7.701],[109.105,-7.686],[108.994,-7.745],[108.876,-7.694],[108.865,-7.611],[108.828,-7.599],[108.804,-7.673],[108.738,-7.609],[108.753,-7.544],[108.662,-7.341],[108.561,-7.335],[108.582,-7.241],[108.556,-7.171],[108.629,-7.138],[108.697,-7.151],[108.778,-7.105],[108.799,-7.005],[108.761,-6.983],[108.765,-6.896],[108.825,-6.829],[108.829,-6.746]]],[[[108.864,-7.707],[108.958,-7.719],[108.989,-7.776],[108.812,-7.735],[108.829,-7.685],[108.864,-7.707]]]]}},{"type":"Feature","properties":{"provinsi":"Banten"},"geometry":{"type":"MultiPolygon","coordinates":[[[[106.721,-6.09],[106.693,-6.096],[106.689,-6.174],[106.776,-6.317],[106.767,-6.361],[106.599,-6.362],[106.532,-6.334],[106.5,-6.357],[106.467,-6.313],[106.432,-6.36],[106.457,-6.419],[106.405,-6.453],[106.402,-6.53],[106.429,-6.696],[106.511,-6.766],[106.436,-6.819],[106.379,-6.995],[106.263,-6.973],[106.236,-6.932],[105.988,-6.814],[105.547,-6.868],[105.301,-6.802],[105.269,-6.843],[105.242,-6.823],[105.218,-6.748],[105.263,-6.762],[105.374,-6.656],[105.386,-6.739],[105.467,-6.827],[105.505,-6.729],[105.596,-6.65],[105.648,-6.488],[105.714,-6.533],[105.813,-6.469],[105.826,-6.252],[105.884,-6.075],[105.977,-6.0],[106.022,-5.889],[106.075,-5.885],[106.114,-5.93],[106.099,-5.986],[106.165,-6.03],[106.292,-5.951],[106.472,-6.052],[106.535,-6.012],[106.57,-6.036],[106.685,-6.016],[106.721,-6.09]]],[[[105.247,-6.565],[105.242,-6.635],[105.205,-6.65],[105.168,-6.577],[105.183,-6.543],[105.251,-6.533],[105.247,-6.565]]]]}},{"type":"Feature","properties":{"provinsi":"Jawa Timur"},"geometry":{"type":"MultiPolygon","coordinates":[[[[111.695,-6.753],[111.833,-6.799],[111.972,-6.766],[112.06,-6.891],[112.412,-6.866],[112.52,-6.906],[112.545,-6.849],[112.603,-6.894],[112.609,-6.983],[112.653,-7.042],[112.625,-7.126],[112.669,-7.167],[112.675,-7.226],[112.727,-7.2],[112.783,-7.214],[112.837,-7.309],[112.817,-7.488],[112.858,-7.549],[112.844,-7.587],[113.049,-7.659],[113.155,-7.747],[113.213,-7.739],[113.281,-7.787],[113.482,-7.699],[113.785,-7.734],[113.839,-7.685],[113.932,-7.699],[114.03,-7.607],[114.096,-7.7],[114.24,-7.701],[114.287,-7.748],[114.369,-7.751],[114.449,-7.805],[114.46,-7.888],[114.417,-7.921],[114.426,-8.065],[114.337,-8.423],[114.443,-8.637],[114.468,-8.618],[114.569,-8.661],[114.591,-8.75],[114.531,-8.781],[114.349,-8.745],[114.361,-8.66],[114.226,-8.602],[114.217,-8.644],[114.09,-8.616],[114.045,-8.64],[114.021,-8.596],[113.971,-8.61],[113.943,-8.56],[113.906,-8.579],[113.812,-8.546],[113.79,-8.489],[113.732,-8.527],[113.646,-8.494],[113.619,-8.443],[113.426,-8.38],[113.388,-8.399],[113.365,-8.353],[113.243,-8.284],[113.072,-8.285],[112.876,-8.409],[112.781,-8.388],[112.67,-8.446],[112.374,-8.376],[112.33,-8.334],[112.032,-8.32],[111.969,-8.283],[111.898,-8.301],[111.777,-8.257],[111.77,-8.29],[111.71,-8.295],[111.672,-8.374],[111.625,-8.325],[111.514,-8.336],[111.411,-8.279],[111.255,-8.249],[111.188,-8.279],[110.904,-8.21],[110.911,-8.121],[110.956,-8.064],[111.109,-8.066],[111.14,-7.938],[111.27,-7.93],[111.314,-7.851],[111.283,-7.745],[111.18,-7.71],[111.189,-7.604],[111.113,-7.416],[111.147,-7.263],[111.242,-7.249],[111.22,-7.295],[111.346,-7.352],[111.438,-7.354],[111.449,-7.281],[111.581,-7.201],[111.625,-7.066],[111.612,-6.971],[111.567,-6.952],[111.609,-6.904],[111.615,-6.837],[111.695,-6.753]]],[[[113.638,-6.887],[113.912,-6.864],[114.086,-6.928],[114.122,-6.981],[113.881,-7.071],[113.884,-7.136],[113.605,-7.127],[113.551,-7.235],[113.092,-7.229],[112.69,-7.151],[112.708,-7.103],[112.673,-7.075],[112.684,-7.032],[112.725,-7.04],[112.845,-6.899],[113.638,-6.887]]],[[[115.499,-6.947],[115.384,-6.911],[115.39,-6.989],[115.321,-6.994],[115.194,-6.931],[115.252,-6.827],[115.395,-6.834],[115.554,-6.904],[115.535,-6.961],[115.499,-6.947]]],[[[112.675,-5.859],[112.564,-5.833],[112.579,-5.78],[112.672,-5.724],[112.716,-5.743],[112.732,-5.793],[112.723,-5.835],[112.675,-5.859]]],[[[114.283,-7.074],[114.325,-7.054],[114.362,-7.082],[114.404,-7.173],[114.314,-7.167],[114.268,-7.099],[114.283,-7.074]]],[[[115.899,-7.108],[115.892,-7.187],[115.833,-7.206],[115.736,-7.153],[115.778,-7.11],[115.843,-7.161],[115.899,-7.108]]],[[[113.271,-8.464],[113.401,-8.459],[113.399,-8.498],[113.306,-8.509],[113.271,-8.464]]],[[[114.482,-7.141],[114.605,-7.135],[114.603,-7.171],[114.482,-7.141]]]]}},{"type":"Feature","properties":{"provinsi":"Maluku Utara"},"geometry":{"type":"MultiPolygon","coordinates":[[[[127.742,0.816],[127.84,0.806],[127.932,0.887],[127.924,0.958],[127.98,1.085],[128.166,1.122],[128.201,1.193],[128.18,1.235],[128.109,1.238],[128.092,1.27],[128.16,1.362],[128.463,1.545],[128.505,1.524],[128.665,1.589],[128.72,1.572],[128.68,1.488],[128.742,1.33],[128.707,1.293],[128.684,1.071],[128.6,1.041],[128.536,0.97],[128.334,0.91],[128.281,0.867],[128.317,0.818],[128.205,0.803],[128.314,0.658],[128.691,0.549],[128.677,0.338],[128.798,0.314],[128.847,0.261],[128.558,0.317],[128.475,0.394],[128.312,0.39],[128.04,0.48],[127.915,0.456],[127.872,0.309],[127.919,0.277],[127.924,0.131],[127.886,0.076],[127.887,0.009],[127.987,-0.269],[128.22,-0.701],[128.374,-0.846],[128.349,-0.887],[128.232,-0.848],[128.271,-0.821],[128.239,-0.774],[128.063,-0.716],[128.005,-0.665],[127.862,-0.364],[127.75,-0.318],[127.659,-0.21],[127.7,-0.082],[127.719,0.065],[127.688,0.107],[127.732,0.315],[127.714,0.349],[127.619,0.36],[127.525,0.552],[127.545,0.729],[127.603,0.762],[127.638,0.833],[127.563,0.87],[127.508,0.857],[127.472,1.059],[127.419,1.029],[127.399,1.077],[127.43,1.147],[127.407,1.228],[127.518,1.424],[127.524,1.578],[127.579,1.762],[127.838,2.091],[127.93,2.164],[128.052,2.204],[128.067,2.175],[127.957,2.047],[127.944,1.986],[127.848,1.923],[127.842,1.813],[127.992,1.763],[128.02,1.706],[127.992,1.611],[128.034,1.587],[128.026,1.472],[127.978,1.276],[127.893,1.149],[127.832,1.147],[127.764,1.069],[127.653,1.023],[127.625,0.97],[127.742,0.816]]],[[[124.937,-1.93],[124.865,-1.894],[124.59,-2.004],[124.399,-2.025],[124.339,-1.884],[124.364,-1.713],[124.398,-1.661],[124.525,-1.635],[124.87,-1.683],[124.897,-1.712],[124.956,-1.7],[125.077,-1.763],[125.132,-1.686],[125.292,-1.733],[125.321,-1.785],[125.312,-1.896],[125.168,-1.876],[124.937,-1.93]]],[[[127.5,-1.725],[127.405,-1.662],[127.413,-1.48],[127.573,-1.368],[127.71,-1.337],[127.79,-1.371],[127.847,-1.438],[127.94,-1.451],[128.079,-1.578],[128.125,-1.565],[128.167,-1.615],[128.159,-1.678],[128.099,-1.713],[127.885,-1.68],[127.704,-1.687],[127.645,-1.729],[127.5,-1.725]]],[[[128.279,2.0],[128.31,2.081],[128.257,2.125],[128.224,2.307],[128.362,2.508],[128.459,2.598],[128.525,2.58],[128.565,2.649],[128.694,2.48],[128.631,2.22],[128.531,2.072],[128.305,2.038],[128.279,2.0]]],[[[127.359,-0.58],[127.285,-0.47],[127.355,-0.322],[127.451,-0.417],[127.481,-0.341],[127.538,-0.31],[127.689,-0.463],[127.599,-0.616],[127.645,-0.624],[127.686,-0.709],[127.801,-0.678],[127.906,-0.779],[127.794,-0.857],[127.693,-0.844],[127.654,-0.744],[127.473,-0.818],[127.438,-0.741],[127.475,-0.656],[127.359,-0.58]]],[[[126.0,-1.917],[125.926,-1.942],[125.845,-1.896],[125.79,-1.93],[125.451,-1.943],[125.439,-1.893],[125.33,-1.833],[125.372,-1.781],[125.43,-1.811],[125.481,-1.782],[125.491,-1.82],[125.703,-1.831],[125.917,-1.795],[126.283,-1.818],[126.335,-1.843],[126.261,-1.879],[126.106,-1.88],[126.0,-1.917]]],[[[126,-2.447],[125.882,-2.212],[125.858,-2.088],[125.914,-1.976],[125.981,-2.011],[125.963,-2.184],[126.069,-2.42],[126.042,-2.473],[126,-2.447]]],[[[127.262,-0.42],[127.252,-0.494],[127.119,-0.516],[127.135,-0.324],[127.113,-0.29],[127.144,-0.26],[127.236,-0.248],[127.266,-0.282],[127.262,-0.42]]],[[[127.161,-0.722],[127.209,-0.645],[127.297,-0.686],[127.288,-0.726],[127.329,-0.782],[127.191,-0.776],[127.161,-0.722]]],[[[127.5,-1.27],[127.465,-1.24],[127.538,-1.178],[127.694,-1.228],[127.672,-1.292],[127.559,-1.248],[127.5,-1.27]]],[[[129.464,-0.09],[129.562,-0.181],[129.51,-0.206],[129.456,-0.109],[129.375,-0.065],[129.399,-0.026],[129.464,-0.09]]],[[[127.383,0.723],[127.404,0.76],[127.448,0.744],[127.457,0.677],[127.428,0.632],[127.369,0.642],[127.383,0.723]]],[[[127.292,0.823],[127.317,0.864],[127.385,0.831],[127.373,0.764],[127.304,0.764],[127.292,0.823]]],[[[127.38,0.281],[127.344,0.333],[127.418,0.374],[127.443,0.339],[127.421,0.283],[127.38,0.281]]],[[[127.461,0.0],[127.433,-0.006],[127.413,0.057],[127.44,0.102],[127.461,0.0]]],[[[127.316,-1.438],[127.291,-1.409],[127.347,-1.367],[127.399,-1.403],[127.316,-1.438]]],[[[128.161,2.411],[128.184,2.291],[128.129,2.326],[128.161,2.411]]],[[[128.351,-1.034],[128.341,-0.974],[128.403,-0.992],[128.404,-1.036],[128.351,-1.034]]],[[[128.498,-0.568],[128.599,-0.61],[128.592,-0.641],[128.516,-0.625],[128.498,-0.568]]],[[[127.331,-0.626],[127.377,-0.607],[127.411,-0.633],[127.359,-0.663],[127.331,-0.626]]],[[[124.303,-2.0],[124.313,-1.971],[124.367,-1.967],[124.365,-2.014],[124.328,-2.028],[124.303,-2.0]]],[[[126.376,1.347],[126.44,1.345],[126.412,1.283],[126.376,1.347]]]]}},{"type":"Feature","properties":{"provinsi":"Maluku"},"geometry":{"type":"MultiPolygon","coordinates":[[[[130.831,-3.471],[130.806,-3.499],[130.88,-3.589],[130.822,-3.701],[130.828,-3.877],[130.766,-3.83],[130.613,-3.791],[130.57,-3.726],[130.466,-3.693],[130.406,-3.624],[130.012,-3.478],[129.924,-3.334],[129.495,-3.31],[129.564,-3.408],[129.532,-3.466],[129.076,-3.336],[128.959,-3.354],[128.918,-3.331],[128.962,-3.281],[128.961,-3.222],[128.891,-3.199],[128.779,-3.257],[128.663,-3.376],[128.664,-3.433],[128.451,-3.457],[128.395,-3.424],[128.283,-3.222],[128.159,-3.168],[128.195,-3.125],[128.189,-3.065],[128.142,-3.069],[128.085,-3.126],[128.045,-3.338],[127.972,-3.38],[127.946,-3.523],[127.91,-3.539],[127.886,-3.483],[127.933,-3.368],[127.866,-3.187],[127.993,-3.066],[128.096,-3.066],[128.085,-3.013],[128.117,-2.997],[128.108,-2.953],[128.16,-2.863],[128.398,-2.868],[128.505,-2.831],[128.797,-2.864],[128.947,-2.838],[129.027,-2.791],[129.063,-2.81],[129.081,-2.932],[129.126,-2.962],[129.344,-2.852],[129.376,-2.783],[129.468,-2.779],[129.78,-2.862],[129.798,-2.905],[129.842,-2.888],[130.009,-2.992],[130.209,-3.0],[130.34,-2.971],[130.593,-3.155],[130.661,-3.409],[130.802,-3.413],[130.831,-3.471]]],[[[126.001,-3.309],[126.016,-3.182],[126.101,-3.121],[126.127,-3.165],[126.222,-3.189],[126.225,-3.145],[126.296,-3.099],[126.788,-3.062],[126.924,-3.143],[126.981,-3.14],[127.104,-3.227],[127.03,-3.266],[127.073,-3.375],[127.121,-3.385],[127.159,-3.337],[127.255,-3.375],[127.248,-3.592],[127.187,-3.676],[127.126,-3.659],[126.891,-3.788],[126.682,-3.859],[126.198,-3.628],[126.16,-3.545],[126.046,-3.45],[126.001,-3.309]]],[[[131.148,-7.733],[131.107,-7.702],[131.164,-7.668],[131.234,-7.474],[131.31,-7.419],[131.34,-7.442],[131.476,-7.23],[131.53,-7.229],[131.518,-7.158],[131.647,-7.113],[131.65,-7.175],[131.717,-7.16],[131.738,-7.219],[131.633,-7.247],[131.675,-7.359],[131.621,-7.646],[131.553,-7.72],[131.483,-7.727],[131.48,-7.774],[131.374,-7.855],[131.333,-7.936],[131.342,-7.985],[131.302,-8.016],[131.272,-7.956],[131.23,-8.003],[131.105,-7.991],[131.122,-7.906],[131.087,-7.838],[131.147,-7.8],[131.112,-7.778],[131.148,-7.733]]],[[[125.805,-8.0],[125.804,-7.856],[125.866,-7.813],[125.859,-7.767],[125.947,-7.66],[126.187,-7.725],[126.25,-7.684],[126.328,-7.692],[126.49,-7.588],[126.643,-7.564],[126.645,-7.604],[126.726,-7.666],[126.821,-7.66],[126.846,-7.735],[126.723,-7.745],[126.559,-7.819],[126.465,-7.975],[126.429,-7.935],[126.177,-7.926],[126.061,-7.891],[125.944,-7.913],[125.805,-8.0]]],[[[134.434,-6.681],[134.328,-6.866],[134.202,-6.922],[134.071,-6.832],[134.05,-6.776],[134.101,-6.488],[134.141,-6.464],[134.097,-6.173],[134.217,-6.22],[134.311,-6.306],[134.298,-6.362],[134.347,-6.399],[134.403,-6.401],[134.436,-6.452],[134.46,-6.439],[134.486,-6.582],[134.528,-6.603],[134.482,-6.669],[134.434,-6.681]]],[[[134.281,-6.053],[134.438,-6.019],[134.536,-5.923],[134.658,-5.947],[134.782,-6.097],[134.727,-6.307],[134.687,-6.344],[134.549,-6.353],[134.459,-6.271],[134.337,-6.216],[134.285,-6.146],[134.281,-6.053]]],[[[134.758,-5.855],[134.77,-5.894],[134.712,-5.98],[134.63,-5.922],[134.537,-5.92],[134.431,-6.021],[134.355,-6.035],[134.317,-6.0],[134.334,-5.952],[134.301,-5.901],[134.372,-5.851],[134.369,-5.771],[134.263,-5.762],[134.214,-5.723],[134.24,-5.676],[134.347,-5.731],[134.454,-5.557],[134.529,-5.566],[134.549,-5.655],[134.758,-5.855]]],[[[128.266,-3.614],[128.288,-3.692],[128.183,-3.747],[128.121,-3.75],[128.148,-3.661],[127.985,-3.776],[127.932,-3.768],[127.907,-3.713],[128.017,-3.587],[128.168,-3.582],[128.206,-3.521],[128.281,-3.488],[128.335,-3.504],[128.31,-3.562],[128.345,-3.597],[128.337,-3.634],[128.266,-3.614]]],[[[129.79,-8.048],[129.703,-8.046],[129.576,-7.901],[129.608,-7.812],[129.676,-7.792],[129.843,-7.845],[129.861,-7.922],[129.79,-8.048]]],[[[132.918,-5.79],[132.946,-5.681],[133.007,-5.644],[133.117,-5.275],[133.179,-5.291],[133.122,-5.555],[132.969,-5.738],[132.963,-5.856],[132.9,-5.951],[132.876,-5.898],[132.918,-5.79]]],[[[131.003,-4.444],[131.229,-4.456],[131.391,-4.377],[131.454,-4.374],[131.494,-4.415],[131.455,-4.503],[131.272,-4.541],[131.086,-4.477],[130.989,-4.514],[130.957,-4.476],[131.003,-4.444]]],[[[132.697,-5.753],[132.654,-5.709],[132.644,-5.636],[132.692,-5.602],[132.811,-5.784],[132.79,-5.938],[132.73,-5.943],[132.672,-5.904],[132.697,-5.753]]],[[[134.277,-6.174],[134.423,-6.282],[134.348,-6.344],[134.231,-6.201],[134.181,-6.202],[134.118,-6.109],[134.125,-6.039],[134.229,-6.017],[134.234,-6.123],[134.277,-6.174]]],[[[134.404,-6.306],[134.462,-6.279],[134.597,-6.388],[134.611,-6.433],[134.548,-6.538],[134.52,-6.533],[134.493,-6.459],[134.385,-6.401],[134.363,-6.361],[134.404,-6.306]]],[[[127.778,-8.14],[127.804,-8.104],[127.93,-8.144],[128.097,-8.141],[128.117,-8.171],[128.044,-8.257],[127.955,-8.25],[127.793,-8.19],[127.778,-8.14]]],[[[131.088,-8.172],[130.991,-8.231],[130.891,-8.239],[130.896,-8.287],[130.79,-8.342],[130.768,-8.314],[130.93,-8.192],[130.913,-8.147],[130.977,-8.132],[131.036,-8.072],[131.08,-8.108],[131.169,-8.113],[131.146,-8.158],[131.088,-8.172]]],[[[134.644,-5.586],[134.751,-5.632],[134.731,-5.722],[134.617,-5.726],[134.549,-5.652],[134.535,-5.575],[134.644,-5.586]]],[[[134.594,-5.427],[134.651,-5.447],[134.705,-5.516],[134.701,-5.568],[134.634,-5.585],[134.509,-5.548],[134.506,-5.424],[134.594,-5.427]]],[[[131.897,-7.177],[131.723,-7.169],[131.717,-7.131],[131.93,-7.112],[131.971,-7.2],[131.949,-7.248],[131.897,-7.177]]],[[[128.69,-7.104],[128.637,-7.222],[128.52,-7.133],[128.587,-7.07],[128.69,-7.104]]],[[[127.369,-7.503],[127.485,-7.525],[127.481,-7.583],[127.409,-7.607],[127.37,-7.662],[127.325,-7.631],[127.367,-7.578],[127.369,-7.503]]],[[[128.411,-3.552],[128.436,-3.506],[128.489,-3.509],[128.566,-3.582],[128.405,-3.632],[128.411,-3.552]]],[[[134.708,-6.729],[134.671,-6.785],[134.623,-6.76],[134.686,-6.596],[134.724,-6.586],[134.76,-6.632],[134.708,-6.729]]],[[[128.608,-3.579],[128.546,-3.524],[128.596,-3.492],[128.676,-3.541],[128.723,-3.509],[128.73,-3.6],[128.668,-3.573],[128.637,-3.627],[128.608,-3.579]]],[[[131.007,-4.338],[131.056,-4.295],[131.148,-4.326],[131.13,-4.409],[131.043,-4.401],[130.995,-4.372],[131.007,-4.338]]],[[[131.041,-7.5],[130.97,-7.484],[130.99,-7.425],[131.163,-7.401],[131.114,-7.473],[131.041,-7.5]]],[[[127.648,-3.202],[127.754,-3.145],[127.789,-3.188],[127.786,-3.245],[127.699,-3.253],[127.648,-3.202]]],[[[134.876,-6.291],[134.908,-6.325],[134.851,-6.443],[134.807,-6.462],[134.798,-6.393],[134.876,-6.291]]],[[[127.952,-3.0],[127.842,-3.032],[127.874,-2.954],[127.935,-2.922],[128.0,-2.937],[127.952,-3.0]]],[[[128.088,-8.231],[128.191,-8.2],[128.227,-8.275],[128.086,-8.27],[128.088,-8.231]]],[[[129.001,-8.266],[128.825,-8.21],[128.953,-8.19],[129.02,-8.221],[129.001,-8.266]]],[[[127.5,-3.323],[127.482,-3.294],[127.549,-3.242],[127.624,-3.314],[127.5,-3.323]]],[[[134.731,-6.476],[134.762,-6.535],[134.671,-6.56],[134.64,-6.496],[134.692,-6.446],[134.731,-6.476]]],[[[132.763,-5.66],[132.756,-5.574],[132.798,-5.56],[132.821,-5.674],[132.763,-5.66]]],[[[131.044,-7.653],[131.123,-7.636],[131.106,-7.689],[130.969,-7.738],[130.968,-7.678],[131.044,-7.653]]],[[[127.637,-8.178],[127.684,-8.153],[127.748,-8.201],[127.656,-8.237],[127.6,-8.207],[127.637,-8.178]]],[[[130.872,-7.5],[130.998,-7.527],[130.973,-7.563],[130.847,-7.562],[130.839,-7.498],[130.872,-7.5]]],[[[127.172,-8.119],[127.142,-8.112],[127.136,-8.046],[127.201,-8.028],[127.231,-8.114],[127.172,-8.119]]],[[[131.621,-6.696],[131.562,-6.72],[131.581,-6.773],[131.527,-6.803],[131.512,-6.763],[131.56,-6.681],[131.621,-6.696]]],[[[127.199,-3.89],[127.137,-3.848],[127.192,-3.816],[127.236,-3.863],[127.199,-3.89]]],[[[131.428,-4.0],[131.45,-4.07],[131.422,-4.077],[131.367,-3.969],[131.418,-3.949],[131.428,-4.0]]],[[[134.717,-5.749],[134.749,-5.786],[134.698,-5.809],[134.66,-5.738],[134.717,-5.749]]],[[[134.254,-5.787],[134.21,-5.838],[134.19,-5.814],[134.199,-5.754],[134.254,-5.787]]],[[[134.559,-5.339],[134.6,-5.34],[134.539,-5.416],[134.511,-5.375],[134.559,-5.339]]]]}},{"type":"Feature","properties":{"provinsi":"Sulawesi Selatan"},"geometry":{"type":"MultiPolygon","coordinates":[[[[119.592,-4.554],[119.597,-4.416],[119.64,-4.302],[119.594,-4.241],[119.625,-4.236],[119.638,-4.173],[119.605,-4.084],[119.641,-3.962],[119.584,-3.976],[119.584,-4.022],[119.614,-4.004],[119.587,-4.039],[119.571,-3.948],[119.452,-3.714],[119.517,-3.572],[119.435,-3.346],[119.439,-3.267],[119.39,-3.212],[119.42,-3.177],[119.485,-3.185],[119.545,-3.131],[119.629,-3.122],[119.534,-2.942],[119.525,-2.793],[119.493,-2.741],[119.644,-2.756],[119.728,-2.728],[119.761,-2.684],[119.751,-2.605],[119.7,-2.553],[119.721,-2.5],[119.689,-2.438],[119.716,-2.393],[119.69,-2.336],[119.597,-2.294],[119.63,-2.163],[119.734,-2.074],[119.881,-2.048],[119.996,-1.963],[120.094,-1.962],[120.122,-2.008],[120.337,-2.053],[120.4,-1.884],[120.582,-2.122],[120.707,-2.212],[120.975,-2.241],[121.329,-2.372],[121.505,-2.49],[121.716,-2.558],[121.801,-2.71],[121.742,-2.735],[121.657,-2.878],[121.498,-2.986],[121.368,-3.012],[121.306,-3.07],[121.269,-3.064],[121.216,-2.975],[121.173,-2.967],[121.101,-2.774],[120.973,-2.82],[121.098,-2.716],[121.047,-2.702],[121.059,-2.673],[121.037,-2.694],[121.074,-2.643],[121.056,-2.581],[121.055,-2.652],[121.031,-2.66],[121.041,-2.624],[121.027,-2.654],[121.01,-2.615],[121.006,-2.679],[120.977,-2.667],[120.988,-2.64],[120.971,-2.671],[120.946,-2.646],[120.857,-2.658],[120.799,-2.608],[120.666,-2.639],[120.633,-2.683],[120.564,-2.671],[120.57,-2.712],[120.453,-2.825],[120.189,-2.968],[120.255,-3.052],[120.256,-3.16],[120.382,-3.202],[120.389,-3.251],[120.421,-3.264],[120.38,-3.504],[120.419,-3.573],[120.442,-3.739],[120.359,-3.85],[120.337,-3.938],[120.361,-4.024],[120.331,-4.104],[120.381,-4.164],[120.365,-4.299],[120.394,-4.332],[120.348,-4.425],[120.402,-4.481],[120.377,-4.513],[120.397,-4.6],[120.459,-4.658],[120.4,-4.71],[120.384,-4.838],[120.303,-4.875],[120.272,-5.144],[120.358,-5.331],[120.405,-5.342],[120.473,-5.623],[120.315,-5.508],[120.13,-5.59],[119.935,-5.544],[119.84,-5.636],[119.85,-5.664],[119.786,-5.702],[119.647,-5.682],[119.656,-5.64],[119.611,-5.612],[119.559,-5.651],[119.553,-5.595],[119.579,-5.604],[119.513,-5.57],[119.514,-5.534],[119.46,-5.577],[119.488,-5.605],[119.439,-5.597],[119.43,-5.488],[119.363,-5.418],[119.354,-5.326],[119.409,-5.112],[119.499,-5.117],[119.448,-5.087],[119.526,-4.924],[119.514,-4.886],[119.561,-4.892],[119.506,-4.869],[119.481,-4.751],[119.592,-4.554]]],[[[120.458,-6.39],[120.48,-6.281],[120.443,-6.259],[120.446,-6.165],[120.427,-6.18],[120.466,-6.094],[120.461,-5.793],[120.493,-5.768],[120.568,-6.056],[120.524,-6.222],[120.538,-6.327],[120.496,-6.392],[120.51,-6.444],[120.484,-6.498],[120.458,-6.39]]],[[[120.63,-7.001],[120.737,-7.075],[120.786,-7.06],[120.768,-7.135],[120.632,-7.133],[120.604,-7.072],[120.63,-7.001]]],[[[120.906,-7.278],[121.064,-7.301],[121,-7.333],[120.795,-7.271],[120.906,-7.278]]],[[[121.097,-7.302],[121.168,-7.354],[121.099,-7.398],[121.06,-7.372],[121.097,-7.302]]],[[[121.82,-7.33],[121.824,-7.397],[121.754,-7.423],[121.756,-7.348],[121.82,-7.33]]]]}},{"type":"Feature","properties":{"provinsi":"DKI Jakarta"},"geometry":{"type":"MultiPolygon","coordinates":[[[[106.721,-6.09],[106.858,-6.117],[106.972,-6.089],[106.973,-6.185],[106.946,-6.255],[106.909,-6.264],[106.913,-6.367],[106.776,-6.317],[106.689,-6.174],[106.693,-6.096],[106.721,-6.09]]]]}},{"type":"Feature","properties":{"provinsi":"Jawa Barat"},"geometry":{"type":"MultiPolygon","coordinates":[[[[106.396,-6.98],[106.391,-6.905],[106.436,-6.819],[106.511,-6.766],[106.429,-6.696],[106.402,-6.53],[106.405,-6.453],[106.457,-6.419],[106.432,-6.36],[106.467,-6.313],[106.5,-6.357],[106.532,-6.334],[106.599,-6.362],[106.767,-6.361],[106.776,-6.317],[106.913,-6.367],[106.909,-6.264],[106.946,-6.255],[106.973,-6.185],[106.972,-6.089],[107.019,-6.079],[107.008,-5.995],[107.038,-5.911],[107.139,-5.978],[107.303,-5.957],[107.388,-6.016],[107.465,-6.142],[107.621,-6.189],[107.655,-6.242],[107.822,-6.178],[108.103,-6.334],[108.195,-6.302],[108.194,-6.262],[108.301,-6.245],[108.361,-6.275],[108.429,-6.416],[108.539,-6.486],[108.555,-6.676],[108.605,-6.77],[108.678,-6.768],[108.683,-6.807],[108.764,-6.816],[108.829,-6.746],[108.825,-6.829],[108.765,-6.896],[108.761,-6.983],[108.799,-7.005],[108.778,-7.105],[108.697,-7.151],[108.629,-7.138],[108.556,-7.171],[108.582,-7.241],[108.561,-7.335],[108.662,-7.341],[108.753,-7.544],[108.738,-7.609],[108.804,-7.673],[108.765,-7.697],[108.513,-7.699],[108.482,-7.802],[108.43,-7.823],[108.261,-7.807],[107.84,-7.734],[107.782,-7.677],[107.679,-7.66],[107.602,-7.571],[107.393,-7.492],[106.52,-7.405],[106.371,-7.31],[106.398,-7.189],[106.456,-7.185],[106.456,-7.128],[106.54,-7.056],[106.543,-6.982],[106.441,-6.953],[106.396,-6.98]]]]}},{"type":"Feature","properties":{"provinsi":"Papua"},"geometry":{"type":"MultiPolygon","coordinates":[[[[140.687,-2.478],[140.747,-2.535],[140.708,-2.539],[140.706,-2.628],[140.737,-2.627],[140.712,-2.597],[140.761,-2.629],[140.79,-2.595],[140.915,-2.627],[141.003,-2.605],[141.0,-6.313],[140.957,-6.341],[140.932,-6.553],[140.834,-6.677],[140.836,-6.713],[140.885,-6.741],[140.858,-6.781],[140.903,-6.805],[140.898,-6.856],[140.936,-6.847],[140.936,-6.896],[140.982,-6.892],[141.012,-8.0],[141.001,-9.118],[140.893,-9.085],[140.613,-8.81],[140.5,-8.613],[140.355,-8.463],[139.983,-8.187],[139.957,-8.124],[140.075,-8.066],[140.066,-7.923],[140.061,-8.063],[139.924,-8.108],[139.713,-8.097],[139.506,-8.181],[139.343,-8.206],[139.277,-8.176],[139.223,-8.095],[139.082,-8.137],[139.069,-8.113],[139.07,-8.151],[138.988,-8.203],[138.954,-8.193],[138.956,-8.159],[139.003,-8.296],[138.977,-8.33],[138.935,-8.314],[138.953,-8.296],[138.923,-8.28],[138.949,-8.262],[138.91,-8.267],[138.835,-8.115],[138.924,-8.076],[138.913,-7.92],[139.018,-7.854],[139.018,-7.751],[139.068,-7.631],[139.106,-7.601],[139.114,-7.637],[139.115,-7.567],[139.054,-7.517],[138.964,-7.519],[138.869,-7.321],[138.673,-7.223],[138.672,-7.198],[139.171,-7.237],[139.244,-7.151],[139.266,-7.226],[139.423,-7.234],[139.432,-7.2],[139.383,-7.2],[139.354,-7.165],[139.404,-7.131],[139.473,-7.171],[139.474,-7.261],[139.541,-7.285],[139.578,-7.267],[139.598,-7.185],[139.648,-7.178],[139.635,-7.234],[139.666,-7.296],[139.748,-7.22],[139.785,-7.101],[139.83,-7.086],[139.767,-7.112],[139.745,-7.215],[139.689,-7.285],[139.632,-7.155],[139.574,-7.187],[139.562,-7.266],[139.507,-7.264],[139.47,-7.238],[139.475,-7.148],[139.39,-7.116],[139.344,-7.044],[139.219,-7.021],[139.217,-6.971],[139.135,-6.956],[138.954,-6.829],[138.939,-6.788],[138.835,-6.785],[138.825,-6.691],[138.681,-6.607],[138.429,-6.361],[138.364,-6.069],[138.254,-5.923],[138.251,-5.878],[138.401,-5.833],[138.467,-5.885],[138.488,-5.864],[138.539,-5.888],[138.424,-5.856],[138.403,-5.735],[138.406,-5.818],[138.349,-5.838],[138.163,-5.806],[138.159,-5.754],[138.232,-5.708],[138.423,-5.66],[138.339,-5.653],[138.375,-5.645],[138.368,-5.618],[138.307,-5.589],[138.353,-5.552],[138.286,-5.617],[138.244,-5.596],[138.262,-5.565],[138.235,-5.537],[138.297,-5.525],[138.26,-5.533],[138.256,-5.506],[138.298,-5.508],[138.256,-5.506],[138.242,-5.467],[138.282,-5.409],[138.199,-5.482],[138.166,-5.437],[138.126,-5.533],[138.081,-5.531],[138.092,-5.446],[138.089,-5.521],[138.053,-5.505],[138.059,-5.387],[138.162,-5.384],[138.286,-5.267],[138.14,-5.37],[138.114,-5.321],[138.178,-5.276],[138.181,-5.235],[138.177,-5.275],[138.113,-5.32],[138.127,-5.374],[138.054,-5.374],[138.051,-5.433],[138.027,-5.438],[137.991,-5.369],[138.05,-5.371],[138.088,-5.279],[138.15,-5.268],[138.142,-5.197],[138.177,-5.186],[138.142,-5.192],[138.147,-5.268],[138.083,-5.278],[138.048,-5.367],[137.984,-5.371],[138.029,-5.505],[137.875,-5.362],[137.947,-5.293],[138.088,-5.23],[138.048,-5.189],[138.096,-5.18],[138.068,-5.14],[138.12,-5.101],[138.066,-5.137],[138.096,-5.171],[138.045,-5.185],[138.061,-5.233],[137.995,-5.283],[137.96,-5.272],[137.952,-5.197],[137.959,-5.279],[137.91,-5.321],[137.877,-5.308],[137.91,-5.27],[137.876,-5.303],[137.839,-5.28],[137.867,-5.222],[137.913,-5.211],[137.918,-5.168],[138.021,-5.14],[137.953,-5.139],[137.741,-5.374],[137.728,-5.326],[137.826,-5.231],[137.806,-5.178],[137.887,-5.1],[137.909,-5.119],[137.969,-5.083],[137.931,-5.041],[137.961,-5.093],[137.836,-5.129],[137.856,-5.146],[137.802,-5.179],[137.82,-5.229],[137.773,-5.27],[137.777,-5.202],[137.768,-5.276],[137.739,-5.287],[137.735,-5.256],[137.72,-5.277],[137.686,-5.202],[137.717,-5.158],[137.746,-5.184],[137.771,-5.122],[137.797,-5.13],[137.779,-5.092],[137.856,-5.054],[137.759,-5.103],[137.748,-5.138],[137.719,-5.12],[137.736,-5.09],[137.828,-5.046],[137.735,-5.087],[137.757,-5.048],[137.744,-5.077],[137.7,-5.057],[137.749,-5.01],[137.671,-5.068],[137.652,-5.046],[137.711,-5.026],[137.666,-5.027],[137.699,-4.997],[137.57,-5.107],[137.595,-5.06],[137.553,-5.073],[137.582,-5.027],[137.615,-5.052],[137.641,-5.026],[137.614,-5.051],[137.598,-5.02],[137.679,-4.991],[137.634,-5.007],[137.656,-4.989],[137.614,-4.983],[137.638,-4.951],[137.62,-4.909],[137.678,-4.862],[137.624,-4.899],[137.596,-4.879],[137.633,-4.922],[137.584,-4.901],[137.618,-4.934],[137.58,-4.947],[137.603,-4.954],[137.571,-4.988],[137.596,-5.008],[137.544,-5.061],[137.551,-5.116],[137.496,-5.079],[137.521,-5.076],[137.505,-5.106],[137.53,-5.123],[137.497,-5.146],[137.453,-5.069],[137.551,-5.008],[137.533,-4.979],[137.568,-4.953],[137.52,-5.003],[137.535,-4.904],[137.513,-4.958],[137.498,-4.863],[137.515,-5.005],[137.456,-5.045],[137.432,-5.119],[137.417,-5.007],[137.465,-4.996],[137.454,-4.941],[137.486,-4.934],[137.46,-4.886],[137.469,-4.924],[137.395,-4.952],[137.337,-5.043],[137.291,-5.008],[137.305,-4.972],[137.336,-5.006],[137.309,-4.97],[137.364,-4.97],[137.379,-4.904],[137.425,-4.912],[137.386,-4.9],[137.438,-4.838],[137.371,-4.91],[137.331,-4.846],[137.369,-4.925],[137.35,-4.97],[137.295,-4.952],[137.285,-5.026],[137.236,-4.99],[137.275,-4.91],[137.307,-4.917],[137.321,-4.888],[137.297,-4.913],[137.262,-4.863],[137.283,-4.895],[137.228,-4.957],[137.201,-4.887],[137.235,-4.815],[137.199,-4.886],[137.224,-4.96],[137.18,-5.009],[137.125,-4.964],[137.132,-4.905],[137.165,-4.907],[137.143,-4.886],[137.178,-4.888],[137.212,-4.843],[137.159,-4.875],[137.178,-4.841],[137.154,-4.86],[137.152,-4.775],[137.157,-4.871],[137.122,-4.898],[137.108,-4.975],[137.058,-4.939],[137.106,-4.879],[137.088,-4.86],[137.127,-4.84],[137.085,-4.829],[137.093,-4.786],[137.068,-4.803],[137.101,-4.843],[137.064,-4.859],[137.052,-4.815],[137.032,-4.883],[137.062,-4.919],[137.006,-4.893],[137.026,-4.923],[136.976,-4.94],[136.925,-4.89],[137.009,-4.831],[136.989,-4.86],[136.925,-4.871],[136.922,-4.831],[136.913,-4.874],[136.883,-4.86],[136.884,-4.82],[136.856,-4.82],[136.886,-4.784],[136.834,-4.819],[136.854,-4.724],[136.846,-4.828],[136.787,-4.832],[136.824,-4.785],[136.79,-4.801],[136.794,-4.759],[136.743,-4.735],[136.784,-4.792],[136.722,-4.803],[136.768,-4.813],[136.743,-4.873],[136.689,-4.844],[136.691,-4.796],[136.646,-4.831],[136.655,-4.809],[136.632,-4.827],[136.569,-4.797],[136.611,-4.777],[136.573,-4.779],[136.58,-4.736],[136.544,-4.791],[136.543,-4.749],[136.548,-4.774],[136.5,-4.753],[136.519,-4.722],[136.465,-4.738],[136.459,-4.682],[136.434,-4.729],[136.421,-4.694],[136.323,-4.666],[136.35,-4.634],[136.295,-4.674],[136.285,-4.646],[136.282,-4.669],[136.231,-4.663],[136.232,-4.583],[136.209,-4.659],[136.141,-4.632],[136.188,-4.617],[136.133,-4.626],[136.164,-4.552],[136.114,-4.623],[136.075,-4.592],[136.089,-4.56],[136.053,-4.588],[136.073,-4.452],[136.051,-4.537],[136.019,-4.551],[135.908,-4.483],[135.719,-4.497],[135.35,-4.439],[135.409,-4.429],[135.356,-4.415],[135.339,-4.445],[135.2,-4.464],[134.929,-4.3],[135.001,-4.336],[134.998,-4.306],[134.98,-4.324],[134.876,-4.252],[135.258,-3.756],[134.205,-3.391],[134.276,-3.238],[134.425,-3.11],[134.427,-3.007],[134.661,-2.823],[134.688,-2.966],[134.74,-2.991],[134.777,-2.985],[134.778,-2.941],[134.819,-2.939],[134.829,-2.877],[134.853,-2.887],[134.832,-2.963],[134.853,-3.002],[134.811,-3.038],[134.838,-3.096],[134.814,-3.082],[134.801,-3.131],[134.862,-3.159],[134.862,-3.25],[134.936,-3.271],[134.917,-3.245],[134.96,-3.225],[134.946,-3.284],[134.972,-3.315],[135.071,-3.334],[135.114,-3.381],[135.338,-3.399],[135.502,-3.358],[135.611,-3.18],[135.786,-3.11],[135.734,-3.064],[135.911,-2.979],[135.935,-2.916],[135.965,-2.927],[135.905,-2.869],[136.018,-2.692],[136.185,-2.639],[136.266,-2.562],[136.296,-2.411],[136.347,-2.37],[136.332,-2.28],[136.393,-2.219],[136.518,-2.191],[136.535,-2.222],[136.582,-2.202],[136.599,-2.271],[136.641,-2.246],[136.656,-2.278],[136.706,-2.227],[136.749,-2.268],[136.794,-2.211],[136.811,-2.235],[136.805,-2.177],[136.914,-2.183],[136.942,-2.12],[137.027,-2.148],[137.035,-2.205],[137.063,-2.168],[137.005,-2.128],[137.027,-2.115],[137.031,-2.144],[137.058,-2.098],[137.149,-2.14],[137.122,-2.102],[137.186,-2.124],[137.159,-2.096],[137.196,-2.098],[137.196,-2.067],[137.258,-2.116],[137.225,-2.067],[137.251,-2.051],[137.276,-2.105],[137.265,-2.041],[137.212,-2.03],[137.256,-2.012],[137.206,-2.022],[137.189,-1.99],[137.217,-1.983],[137.222,-2.01],[137.267,-1.988],[137.23,-2.001],[137.182,-1.938],[137.258,-1.903],[137.193,-1.859],[137.153,-1.772],[137.227,-1.748],[137.299,-1.827],[137.366,-1.841],[137.428,-1.809],[137.476,-1.838],[137.402,-1.809],[137.331,-1.69],[137.429,-1.671],[137.402,-1.653],[137.442,-1.629],[137.456,-1.662],[137.442,-1.639],[137.473,-1.606],[137.491,-1.671],[137.519,-1.672],[137.476,-1.619],[137.525,-1.626],[137.478,-1.598],[137.531,-1.578],[137.525,-1.604],[137.581,-1.556],[137.642,-1.625],[137.586,-1.581],[137.636,-1.561],[137.634,-1.594],[137.637,-1.562],[137.592,-1.553],[137.637,-1.529],[137.658,-1.55],[137.648,-1.52],[137.727,-1.493],[137.757,-1.546],[137.794,-1.548],[137.797,-1.527],[137.753,-1.538],[137.741,-1.481],[137.81,-1.496],[137.778,-1.48],[137.837,-1.462],[137.935,-1.459],[137.97,-1.532],[137.914,-1.556],[137.954,-1.538],[137.935,-1.587],[137.965,-1.543],[138.0,-1.634],[137.922,-1.635],[137.954,-1.655],[137.954,-1.626],[138.003,-1.641],[138,-1.605],[138.128,-1.646],[137.98,-1.57],[137.981,-1.529],[138.072,-1.603],[138.341,-1.716],[138.653,-1.787],[138.863,-1.966],[139,-1.975],[139.751,-2.36],[140.055,-2.36],[140.111,-2.319],[140.143,-2.349],[140.143,-2.322],[140.154,-2.371],[140.337,-2.465],[140.371,-2.457],[140.349,-2.395],[140.498,-2.444],[140.613,-2.439],[140.687,-2.478]]],[[[137.632,-5.078],[137.694,-5.055],[137.742,-5.136],[137.671,-5.216],[137.55,-5.17],[137.664,-5.117],[137.665,-5.075],[137.662,-5.117],[137.605,-5.104],[137.632,-5.078]]],[[[137.77,-5.36],[137.843,-5.286],[137.892,-5.33],[137.839,-5.376],[137.77,-5.36]]],[[[138.156,-5.462],[138.178,-5.439],[138.202,-5.486],[138.24,-5.448],[138.255,-5.535],[138.231,-5.553],[138.261,-5.565],[138.243,-5.597],[138.277,-5.601],[138.24,-5.612],[138.247,-5.667],[138.183,-5.728],[138.089,-5.746],[138.045,-5.599],[138.065,-5.556],[138.133,-5.537],[138.156,-5.462]]],[[[138.372,-5.632],[138.225,-5.686],[138.244,-5.612],[138.339,-5.596],[138.372,-5.632]]],[[[135.823,-1.064],[135.774,-0.876],[135.708,-0.803],[135.73,-0.775],[135.642,-0.887],[135.467,-0.744],[135.541,-0.876],[135.394,-0.723],[135.363,-0.631],[135.59,-0.663],[135.595,-0.702],[135.643,-0.663],[135.685,-0.719],[135.717,-0.707],[135.748,-0.74],[135.805,-0.686],[135.855,-0.701],[135.925,-0.79],[136.051,-0.857],[136.04,-0.895],[136.091,-0.916],[136.171,-1.043],[136.256,-1.017],[136.324,-1.074],[136.388,-1.077],[136.316,-1.14],[136.14,-1.2],[136,-1.143],[135.873,-1.173],[135.802,-1.099],[135.823,-1.064]]],[[[134.866,-1.132],[134.794,-1.032],[134.792,-0.981],[134.844,-0.931],[134.942,-0.966],[134.925,-1.075],[134.972,-1.011],[134.986,-1.036],[134.952,-1.128],[134.866,-1.132]]],[[[136.65,-1.259],[136.662,-1.345],[136.6,-1.321],[136.588,-1.276],[136.62,-1.244],[136.65,-1.259]]],[[[138.737,-6.651],[138.822,-6.706],[138.831,-6.79],[138.928,-6.788],[138.945,-6.826],[138.835,-6.826],[138.673,-6.724],[138.672,-6.64],[138.737,-6.651]]],[[[138.675,-6.753],[138.736,-6.759],[138.799,-6.835],[138.728,-6.884],[138.679,-6.869],[138.701,-6.809],[138.675,-6.835],[138.61,-6.755],[138.635,-6.729],[138.675,-6.753]]],[[[139.349,-7.192],[139.43,-7.217],[139.273,-7.218],[139.239,-7.14],[139.18,-7.213],[138.855,-7.158],[138.614,-7.011],[138.566,-6.919],[138.627,-6.876],[138.717,-6.902],[138.799,-6.85],[138.934,-6.842],[139.129,-6.966],[139.188,-6.973],[139.219,-7.025],[139.344,-7.047],[139.381,-7.113],[139.338,-7.165],[139.349,-7.192]]],[[[135.24,-1.484],[135.253,-1.521],[135.262,-1.478],[135.338,-1.482],[135.247,-1.53],[135.092,-1.501],[135.118,-1.462],[135.155,-1.49],[135.216,-1.475],[135.222,-1.507],[135.24,-1.484]]],[[[136.187,-1.87],[135.978,-1.817],[135.912,-1.755],[135.899,-1.788],[135.867,-1.74],[135.865,-1.768],[135.822,-1.735],[135.762,-1.749],[135.789,-1.719],[135.732,-1.689],[135.673,-1.707],[135.554,-1.663],[135.474,-1.681],[135.466,-1.636],[135.41,-1.602],[135.786,-1.626],[135.851,-1.662],[135.899,-1.635],[136.203,-1.648],[136.371,-1.717],[136.446,-1.698],[136.79,-1.739],[136.904,-1.793],[136.848,-1.828],[136.719,-1.816],[136.631,-1.873],[136.504,-1.849],[136.536,-1.899],[136.342,-1.861],[136.26,-1.913],[136.187,-1.87]]],[[[138.238,-7.462],[138.418,-7.404],[138.75,-7.371],[138.865,-7.437],[138.913,-7.535],[139.087,-7.573],[138.994,-7.748],[138.994,-7.85],[138.896,-7.9],[138.889,-8.035],[138.914,-8.075],[138.827,-8.079],[138.794,-8.14],[138.679,-8.151],[138.615,-8.25],[138.469,-8.351],[138.34,-8.379],[138.332,-8.301],[138.301,-8.392],[137.871,-8.374],[137.656,-8.447],[137.639,-8.416],[137.706,-8.173],[137.81,-8.041],[137.798,-8],[137.906,-7.788],[138.049,-7.599],[138.238,-7.462]]],[[[138.893,-8.388],[138.596,-8.363],[138.554,-8.317],[138.663,-8.236],[138.679,-8.17],[138.815,-8.138],[138.846,-8.263],[138.916,-8.3],[138.893,-8.388]]],[[[138.476,-8.359],[138.346,-8.419],[138.262,-8.416],[138.264,-8.391],[138.471,-8.353],[138.499,-8.321],[138.476,-8.359]]],[[[136.851,-4.831],[136.906,-4.874],[136.831,-4.914],[136.795,-4.888],[136.837,-4.871],[136.789,-4.883],[136.809,-4.833],[136.851,-4.831]]],[[[137.411,-4.958],[137.437,-4.921],[137.476,-4.929],[137.449,-4.995],[137.414,-5.005],[137.406,-5.109],[137.338,-5.053],[137.411,-4.958]]],[[[137.362,-1.763],[137.402,-1.787],[137.36,-1.839],[137.242,-1.741],[137.343,-1.697],[137.362,-1.763]]],[[[137.123,-1.888],[137.092,-1.826],[137.14,-1.773],[137.161,-1.932],[137.123,-1.888]]],[[[137.166,-1.868],[137.142,-1.846],[137.178,-1.806],[137.213,-1.891],[137.166,-1.868]]],[[[137.181,-1.878],[137.232,-1.872],[137.256,-1.907],[137.175,-1.94],[137.181,-1.878]]]]}},{"type":"Feature","properties":{"provinsi":"Nusa Tenggara Timur"},"geometry":{"type":"MultiPolygon","coordinates":[[[[122.62,-8.403],[122.769,-8.368],[122.815,-8.301],[122.898,-8.276],[122.925,-8.198],[122.869,-8.176],[122.79,-8.238],[122.743,-8.211],[122.786,-8.111],[122.869,-8.065],[122.976,-8.14],[122.965,-8.198],[123.022,-8.321],[122.965,-8.354],[122.93,-8.331],[122.883,-8.39],[122.893,-8.453],[122.792,-8.431],[122.838,-8.594],[122.73,-8.642],[122.67,-8.633],[122.533,-8.717],[122.379,-8.762],[122.126,-8.738],[122.035,-8.803],[121.818,-8.881],[121.738,-8.889],[121.564,-8.812],[121.385,-8.796],[121.361,-8.896],[121.311,-8.925],[121.127,-8.908],[120.998,-8.96],[120.907,-8.923],[120.827,-8.822],[120.727,-8.878],[120.541,-8.793],[120.374,-8.8],[120.321,-8.838],[120.24,-8.831],[120.179,-8.776],[119.937,-8.834],[119.822,-8.784],[119.799,-8.738],[119.802,-8.575],[119.915,-8.466],[120.0,-8.455],[120.034,-8.375],[120.154,-8.371],[120.201,-8.298],[120.406,-8.271],[120.442,-8.237],[120.465,-8.283],[120.524,-8.261],[120.56,-8.291],[120.658,-8.28],[120.743,-8.342],[120.98,-8.349],[120.995,-8.396],[121.188,-8.441],[121.306,-8.493],[121.344,-8.562],[121.422,-8.589],[121.457,-8.562],[121.504,-8.617],[121.605,-8.547],[121.608,-8.498],[121.808,-8.516],[122.027,-8.446],[122.016,-8.53],[122.107,-8.534],[122.227,-8.628],[122.294,-8.65],[122.479,-8.616],[122.522,-8.552],[122.488,-8.512],[122.498,-8.469],[122.547,-8.469],[122.62,-8.403]]],[[[124.046,-9.343],[124.098,-9.419],[124.157,-9.43],[124.207,-9.375],[124.269,-9.419],[124.292,-9.506],[124.354,-9.479],[124.379,-9.357],[124.454,-9.311],[124.472,-9.182],[124.536,-9.197],[124.62,-9.163],[124.711,-9.057],[124.95,-8.967],[124.942,-9.046],[124.989,-9.067],[125.114,-8.976],[125.182,-9.028],[125.172,-9.179],[125.102,-9.201],[125.016,-9.178],[124.985,-9.214],[125.092,-9.464],[125.007,-9.54],[124.983,-9.647],[124.846,-9.746],[124.746,-9.891],[124.524,-10.032],[124.496,-10.099],[124.415,-10.159],[124.171,-10.153],[124.093,-10.18],[124.015,-10.268],[123.797,-10.354],[123.605,-10.369],[123.545,-10.331],[123.457,-10.356],[123.53,-10.176],[123.744,-10.095],[123.748,-10.03],[123.648,-10.009],[123.58,-10.032],[123.583,-9.926],[123.649,-9.895],[123.669,-9.818],[123.643,-9.779],[123.68,-9.757],[123.668,-9.649],[123.777,-9.556],[123.792,-9.497],[123.828,-9.502],[123.983,-9.357],[124.046,-9.343]]],[[[119.68,-9.828],[119.678,-9.794],[119.615,-9.8],[119.471,-9.741],[119.389,-9.797],[119.302,-9.745],[119.18,-9.746],[119.033,-9.68],[118.928,-9.559],[118.944,-9.512],[118.994,-9.455],[119.188,-9.376],[119.381,-9.386],[119.464,-9.36],[119.526,-9.381],[119.631,-9.343],[119.797,-9.397],[119.942,-9.28],[120.103,-9.475],[120.223,-9.494],[120.257,-9.644],[120.452,-9.628],[120.498,-9.703],[120.552,-9.714],[120.642,-9.875],[120.796,-9.971],[120.819,-10.087],[120.669,-10.22],[120.486,-10.261],[120.471,-10.304],[120.354,-10.249],[120.209,-10.256],[120.031,-10.124],[119.936,-9.98],[119.79,-9.921],[119.68,-9.828]]],[[[124.354,-8.38],[124.466,-8.258],[124.509,-8.262],[124.516,-8.223],[124.402,-8.274],[124.394,-8.223],[124.474,-8.13],[124.597,-8.129],[124.593,-8.193],[124.781,-8.153],[125.088,-8.153],[125.139,-8.229],[125.126,-8.345],[125.051,-8.361],[124.789,-8.409],[124.664,-8.395],[124.548,-8.443],[124.504,-8.419],[124.435,-8.455],[124.333,-8.425],[124.354,-8.38]]],[[[123.528,-8.362],[123.596,-8.334],[123.622,-8.246],[123.7,-8.252],[123.698,-8.217],[123.778,-8.169],[123.904,-8.219],[123.911,-8.258],[123.764,-8.288],[123.673,-8.428],[123.62,-8.406],[123.553,-8.472],[123.583,-8.543],[123.546,-8.572],[123.505,-8.522],[123.388,-8.585],[123.315,-8.528],[123.286,-8.55],[123.234,-8.512],[123.34,-8.399],[123.472,-8.337],[123.436,-8.273],[123.537,-8.235],[123.559,-8.254],[123.502,-8.338],[123.528,-8.362]]],[[[123.196,-10.588],[123.263,-10.516],[123.408,-10.455],[123.377,-10.551],[123.429,-10.656],[123.257,-10.733],[123.216,-10.817],[123.135,-10.81],[122.968,-10.86],[122.911,-10.919],[122.82,-10.919],[122.804,-10.807],[122.853,-10.756],[123.047,-10.725],[123.126,-10.643],[123.178,-10.634],[123.196,-10.588]]],[[[123.943,-8.403],[123.962,-8.347],[124.057,-8.294],[124.101,-8.365],[124.226,-8.214],[124.278,-8.174],[124.316,-8.185],[124.296,-8.331],[124.243,-8.361],[124.208,-8.46],[124.138,-8.539],[124.062,-8.552],[124.033,-8.424],[123.943,-8.403]]],[[[123.165,-8.392],[123.002,-8.404],[123.034,-8.31],[123.151,-8.233],[123.246,-8.229],[123.306,-8.297],[123.308,-8.364],[123.287,-8.394],[123.165,-8.392]]],[[[121.872,-10.612],[121.757,-10.61],[121.696,-10.576],[121.823,-10.506],[121.895,-10.424],[121.993,-10.439],[121.994,-10.521],[121.872,-10.612]]],[[[119.442,-8.75],[119.382,-8.721],[119.411,-8.647],[119.378,-8.582],[119.425,-8.549],[119.423,-8.45],[119.477,-8.451],[119.512,-8.493],[119.575,-8.489],[119.562,-8.584],[119.46,-8.617],[119.442,-8.75]]],[[[123.328,-10.345],[123.304,-10.269],[123.392,-10.144],[123.454,-10.12],[123.424,-10.296],[123.328,-10.345]]],[[[123,-8.497],[122.946,-8.595],[122.895,-8.619],[122.885,-8.533],[122.982,-8.437],[123.12,-8.437],[123.148,-8.463],[123,-8.497]]],[[[119.635,-8.603],[119.666,-8.612],[119.674,-8.684],[119.727,-8.617],[119.803,-8.618],[119.803,-8.65],[119.725,-8.682],[119.717,-8.791],[119.613,-8.749],[119.635,-8.603]]],[[[125.544,-8.307],[125.504,-8.268],[125.617,-8.145],[125.645,-8.171],[125.586,-8.315],[125.544,-8.307]]],[[[122.39,-8.504],[122.338,-8.44],[122.38,-8.434],[122.421,-8.482],[122.39,-8.504]]]]}},{"type":"Feature","properties":{"provinsi":"Bali"},"geometry":{"type":"MultiPolygon","coordinates":[[[[115.195,-8.732],[115.18,-8.758],[115.235,-8.8],[115.17,-8.847],[115.087,-8.836],[115.161,-8.779],[115.14,-8.667],[114.929,-8.474],[114.802,-8.414],[114.576,-8.388],[114.446,-8.219],[114.438,-8.094],[114.854,-8.195],[114.997,-8.174],[115.18,-8.059],[115.565,-8.234],[115.716,-8.398],[115.609,-8.505],[115.543,-8.5],[115.499,-8.547],[115.36,-8.578],[115.264,-8.655],[115.26,-8.704],[115.195,-8.732]]],[[[115.624,-8.773],[115.588,-8.818],[115.445,-8.722],[115.489,-8.672],[115.566,-8.671],[115.624,-8.773]]]]}},{"type":"Feature","properties":{"provinsi":"Riau"},"geometry":{"type":"MultiPolygon","coordinates":[[[[101.914,-0.921],[101.845,-0.983],[101.65,-0.934],[101.596,-0.851],[101.396,-0.739],[101.36,-0.659],[101.254,-0.625],[101.162,-0.536],[101.069,-0.501],[101.025,-0.398],[101.036,-0.349],[100.996,-0.314],[100.915,-0.326],[100.908,-0.372],[100.845,-0.338],[100.781,-0.23],[100.734,-0.043],[100.777,-0.012],[100.809,-0.041],[100.845,0.015],[100.813,0.268],[100.669,0.181],[100.606,0.183],[100.452,0.229],[100.376,0.351],[100.282,0.333],[100.281,0.416],[100.206,0.584],[100.256,0.709],[100.131,0.809],[100.131,0.903],[100.082,0.938],[100.141,0.951],[100.161,0.999],[100.102,1.092],[100.183,1.125],[100.13,1.175],[100.095,1.327],[100.054,1.361],[100.078,1.387],[100.316,1.416],[100.338,1.431],[100.292,1.478],[100.332,1.479],[100.323,1.443],[100.381,1.451],[100.434,1.511],[100.416,1.537],[100.455,1.629],[100.411,1.698],[100.421,1.768],[100.286,1.813],[100.361,2.202],[100.307,2.357],[100.329,2.529],[100.361,2.393],[100.43,2.273],[100.646,2.111],[100.774,2.081],[100.795,2.112],[100.761,2.252],[100.789,2.287],[101.054,2.284],[101.078,2.214],[101.305,2.042],[101.357,1.779],[101.41,1.698],[101.561,1.637],[101.752,1.665],[102.149,1.378],[102.166,1.183],[102.123,1.125],[102.167,1.133],[102.18,1.23],[102.229,0.995],[102.408,0.812],[102.57,0.739],[102.675,0.756],[102.894,0.728],[103.107,0.455],[102.899,0.336],[102.612,0.23],[102.574,0.169],[102.495,0.25],[102.43,0.261],[102.406,0.209],[102.432,0.244],[102.485,0.24],[102.548,0.172],[102.527,0.168],[102.584,0.154],[102.599,0.202],[102.691,0.248],[102.859,0.25],[103.142,0.393],[103.196,0.475],[103.326,0.545],[103.415,0.521],[103.586,0.393],[103.601,0.294],[103.614,0.345],[103.652,0.337],[103.753,0.229],[103.812,-0.011],[103.614,-0.007],[103.534,-0.08],[103.457,-0.045],[103.488,-0.089],[103.454,-0.112],[103.502,-0.148],[103.424,-0.207],[103.521,-0.211],[103.442,-0.353],[103.547,-0.216],[103.709,-0.256],[103.786,-0.341],[103.605,-0.396],[103.553,-0.385],[103.604,-0.426],[103.553,-0.496],[103.4,-0.518],[103.436,-0.542],[103.405,-0.604],[103.431,-0.616],[103.373,-0.651],[103.421,-0.669],[103.363,-0.697],[103.435,-0.711],[103.412,-0.731],[103.485,-0.771],[103.36,-0.803],[103.126,-0.746],[103.008,-0.756],[102.913,-0.886],[102.79,-0.977],[102.779,-1.027],[102.639,-1.121],[102.484,-1.081],[102.443,-1.025],[102.382,-1.027],[102.386,-0.993],[102.307,-0.917],[102.204,-0.949],[102.165,-0.899],[102.117,-0.921],[102.008,-0.879],[101.914,-0.921]]],[[[103.209,0.703],[103.281,0.653],[103.3,0.551],[103.169,0.498],[103.139,0.553],[103.148,0.665],[103.209,0.703]]],[[[101.416,1.84],[101.383,1.911],[101.398,2.007],[101.447,2.057],[101.484,2.063],[101.516,2.027],[101.58,2.074],[101.592,2.057],[101.62,2.106],[101.622,2.064],[101.613,2.102],[101.656,2.125],[101.778,1.987],[101.784,1.936],[101.728,1.941],[101.778,1.928],[101.732,1.764],[101.615,1.688],[101.454,1.726],[101.416,1.84]]],[[[102.038,1.609],[102.463,1.518],[102.497,1.469],[102.471,1.442],[102.496,1.432],[102.508,1.255],[102.295,1.429],[102.085,1.482],[101.999,1.584],[102.038,1.609]]],[[[102.443,1.082],[102.478,0.941],[102.386,0.913],[102.277,1.003],[102.205,1.277],[102.23,1.352],[102.214,1.414],[102.291,1.413],[102.485,1.238],[102.485,1.198],[102.442,1.242],[102.484,1.195],[102.443,1.082]]],[[[102.658,1.038],[102.68,1.108],[102.736,1.155],[102.875,1.134],[103.003,1.073],[103.155,0.895],[103.153,0.847],[103.072,0.832],[102.806,0.993],[102.79,1.023],[102.822,1.049],[102.88,1.042],[102.855,1.085],[102.812,1.08],[102.812,1.037],[102.779,1.02],[102.731,1.04],[102.624,1.011],[102.658,1.038]]],[[[102.537,1.127],[102.615,1.048],[102.608,1.006],[102.501,0.945],[102.46,1.077],[102.485,1.13],[102.537,1.127]]],[[[102.906,0.778],[102.56,0.769],[102.437,0.826],[102.409,0.887],[102.441,0.935],[102.485,0.93],[102.589,1.002],[102.638,0.979],[102.737,1.022],[102.743,0.996],[102.646,0.951],[102.626,0.903],[102.646,0.949],[102.685,0.958],[102.697,0.928],[102.782,0.905],[102.781,0.927],[102.747,0.908],[102.696,0.937],[102.776,1.005],[103.047,0.824],[103.049,0.719],[102.994,0.689],[102.906,0.778]]],[[[103.581,-0.078],[103.591,-0.098],[103.543,-0.121],[103.473,-0.108],[103.581,-0.078]]],[[[100.736,2.149],[100.71,2.217],[100.739,2.262],[100.786,2.122],[100.736,2.149]]]]}},{"type":"Feature","properties":{"provinsi":"Kepulauan Riau"},"geometry":{"type":"MultiPolygon","coordinates":[[[[103.992,1.135],[104.014,1.189],[104.072,1.119],[104.102,1.141],[104.072,1.188],[104.139,1.169],[104.137,1.04],[104.08,1.024],[104.1,0.982],[104.031,1.006],[104.041,0.983],[104.009,0.986],[103.91,1.038],[103.888,1.093],[103.937,1.084],[103.92,1.143],[103.992,1.135]]],[[[103.75,1.027],[103.791,1.046],[103.806,0.973],[103.75,1.027]]],[[[103.832,0.989],[103.868,1.038],[103.975,0.954],[103.942,0.91],[103.832,0.989]]],[[[104.179,0.782],[104.145,0.857],[104.092,0.87],[104.078,0.96],[104.141,0.942],[104.167,0.868],[104.266,0.859],[104.179,0.782]]],[[[104.194,0.788],[104.277,0.797],[104.264,0.744],[104.309,0.707],[104.249,0.724],[104.253,0.693],[104.196,0.721],[104.171,0.78],[104.194,0.788]]],[[[104.265,0.621],[104.212,0.719],[104.286,0.662],[104.289,0.611],[104.265,0.621]]],[[[103.375,1.138],[103.439,0.988],[103.312,1.044],[103.311,1.087],[103.375,1.138]]],[[[103.449,0.922],[103.487,0.855],[103.41,0.893],[103.449,0.922]]],[[[103.933,0.767],[103.836,0.839],[103.811,0.9],[103.898,0.855],[103.896,0.805],[103.907,0.833],[103.933,0.767]]],[[[103.506,0.724],[103.458,0.638],[103.4,0.649],[103.343,0.801],[103.37,0.894],[103.487,0.794],[103.506,0.724]]],[[[103.748,0.886],[103.834,0.812],[103.83,0.752],[103.72,0.852],[103.748,0.886]]],[[[103.422,0.876],[103.494,0.846],[103.528,0.767],[103.421,0.842],[103.422,0.876]]],[[[104.221,1.059],[104.239,1.124],[104.335,1.145],[104.312,1.183],[104.394,1.204],[104.499,1.169],[104.584,1.228],[104.577,1.157],[104.657,1.045],[104.634,0.986],[104.66,0.915],[104.621,0.901],[104.594,0.811],[104.557,0.813],[104.476,0.85],[104.492,0.875],[104.439,0.906],[104.438,0.933],[104.499,0.936],[104.409,0.964],[104.496,0.98],[104.44,0.998],[104.498,1.036],[104.417,1.04],[104.417,1.068],[104.379,1.011],[104.317,1.04],[104.331,0.995],[104.251,1.004],[104.221,1.059]]],[[[104.821,0.968],[104.786,1.029],[104.849,1.013],[104.854,0.983],[104.821,0.968]]],[[[107.531,1.023],[107.604,0.991],[107.548,0.949],[107.575,1.007],[107.545,0.972],[107.531,1.023]]],[[[104.415,0.301],[104.354,0.314],[104.329,0.376],[104.424,0.327],[104.434,0.307],[104.398,0.314],[104.415,0.301]]],[[[104.516,0.226],[104.704,0.047],[104.702,0.018],[104.628,0.096],[104.606,0.096],[104.619,0.075],[104.564,0.116],[104.476,0.243],[104.516,0.226]]],[[[104.435,0.065],[104.378,0.123],[104.433,0.089],[104.402,0.162],[104.492,0.072],[104.487,0.044],[104.463,0.06],[104.495,0.014],[104.435,0.065]]],[[[104.659,-0.111],[104.683,-0.084],[104.788,-0.205],[104.823,-0.195],[104.827,-0.133],[104.897,-0.231],[105.002,-0.303],[104.922,-0.278],[104.9,-0.294],[104.916,-0.34],[104.849,-0.322],[104.703,-0.205],[104.522,-0.276],[104.499,-0.242],[104.429,-0.237],[104.426,-0.184],[104.505,-0.129],[104.494,0.003],[104.566,-0.012],[104.552,0.029],[104.653,-0.052],[104.668,-0.078],[104.624,-0.079],[104.659,-0.111]]],[[[104.47,-0.277],[104.492,-0.308],[104.46,-0.328],[104.386,-0.299],[104.47,-0.277]]],[[[104.321,-0.361],[104.338,-0.389],[104.311,-0.417],[104.346,-0.446],[104.347,-0.388],[104.386,-0.413],[104.44,-0.34],[104.48,-0.335],[104.597,-0.46],[104.518,-0.572],[104.503,-0.647],[104.429,-0.576],[104.356,-0.679],[104.331,-0.514],[104.307,-0.54],[104.243,-0.486],[104.321,-0.361]]],[[[107.965,4.669],[107.927,4.693],[108.007,4.775],[107.965,4.669]]],[[[108.12,3.726],[108.189,3.784],[108.275,3.711],[108.208,3.802],[108.062,3.835],[107.962,4.003],[108.074,4.068],[108.219,4.23],[108.242,4.216],[108.234,4.129],[108.403,3.967],[108.39,3.894],[108.353,3.876],[108.367,3.895],[108.378,3.856],[108.408,3.887],[108.41,3.858],[108.387,3.793],[108.309,3.73],[108.296,3.657],[108.224,3.664],[108.156,3.631],[108.09,3.679],[108.12,3.726]]],[[[106.186,3.301],[106.171,3.333],[106.227,3.395],[106.227,3.312],[106.201,3.326],[106.186,3.301]]],[[[106.261,3.348],[106.269,3.382],[106.303,3.38],[106.288,3.25],[106.261,3.289],[106.284,3.225],[106.227,3.259],[106.261,3.348]]],[[[106.202,3.229],[106.288,3.179],[106.278,3.076],[106.249,3.121],[106.237,3.096],[106.211,3.121],[106.202,3.229]]],[[[106.317,3.163],[106.311,3.136],[106.334,3.159],[106.344,3.123],[106.308,3.084],[106.284,3.123],[106.317,3.163]]],[[[105.836,2.992],[105.852,2.958],[105.82,2.969],[105.828,2.911],[105.796,2.909],[105.822,2.886],[105.784,2.907],[105.767,2.871],[105.723,2.873],[105.77,2.839],[105.726,2.817],[105.693,2.85],[105.715,2.959],[105.675,3.009],[105.705,3.032],[105.691,3.058],[105.719,3.03],[105.74,3.05],[105.743,2.972],[105.836,2.992]]],[[[108.868,3.01],[108.89,2.999],[108.884,2.88],[108.817,2.844],[108.775,2.891],[108.868,3.01]]],[[[109.053,2.495],[109.007,2.489],[109.032,2.516],[108.979,2.521],[108.976,2.556],[109.121,2.53],[109.053,2.495]]],[[[108.949,2.501],[108.973,2.454],[108.934,2.448],[108.907,2.502],[108.949,2.534],[108.949,2.501]]]]}},{"type":"Feature","properties":{"provinsi":"Sulawesi Barat"},"geometry":{"type":"MultiPolygon","coordinates":[[[[119.167,-3.488],[119.021,-3.512],[118.996,-3.565],[118.967,-3.545],[118.937,-3.57],[118.906,-3.525],[118.846,-3.38],[118.828,-3.169],[118.775,-3.104],[118.797,-3.071],[118.839,-3.081],[118.886,-2.891],[118.846,-2.85],[118.769,-2.867],[118.757,-2.785],[118.818,-2.619],[118.869,-2.68],[118.911,-2.666],[119.03,-2.582],[119.045,-2.507],[119.144,-2.47],[119.121,-2.32],[119.212,-1.998],[119.288,-1.952],[119.331,-1.962],[119.364,-1.854],[119.311,-1.799],[119.282,-1.69],[119.326,-1.589],[119.288,-1.451],[119.292,-1.39],[119.333,-1.349],[119.303,-1.274],[119.34,-1.17],[119.377,-1.166],[119.465,-1.069],[119.554,-0.861],[119.551,-1.008],[119.584,-1.118],[119.611,-1.126],[119.582,-1.258],[119.474,-1.287],[119.509,-1.31],[119.423,-1.357],[119.529,-1.428],[119.623,-1.395],[119.695,-1.451],[119.659,-1.503],[119.778,-1.692],[119.757,-1.756],[119.867,-1.77],[119.909,-1.835],[119.86,-1.876],[119.874,-1.949],[119.817,-2.045],[119.727,-2.079],[119.613,-2.205],[119.597,-2.294],[119.69,-2.336],[119.716,-2.393],[119.689,-2.438],[119.721,-2.5],[119.7,-2.553],[119.751,-2.605],[119.762,-2.678],[119.74,-2.72],[119.644,-2.756],[119.493,-2.741],[119.525,-2.793],[119.534,-2.942],[119.63,-3.113],[119.54,-3.134],[119.485,-3.185],[119.396,-3.193],[119.491,-3.484],[119.476,-3.504],[119.305,-3.425],[119.236,-3.479],[119.167,-3.488]]]]}},{"type":"Feature","properties":{"provinsi":"Sulawesi Tengah"},"geometry":{"type":"MultiPolygon","coordinates":[[[[119.551,-0.861],[119.68,-0.768],[119.672,-0.701],[119.726,-0.658],[119.762,-0.682],[119.844,-0.881],[119.878,-0.86],[119.859,-0.712],[119.823,-0.687],[119.759,-0.489],[119.778,-0.279],[119.818,-0.189],[119.793,-0.12],[119.731,-0.145],[119.675,-0.121],[119.606,-0.011],[119.719,-0.008],[119.777,-0.112],[119.836,-0.11],[119.888,-0.012],[119.869,0.104],[119.774,0.195],[119.803,0.235],[119.906,0.23],[119.85,0.351],[119.913,0.475],[120.045,0.508],[120.017,0.663],[120.077,0.739],[120.232,0.792],[120.246,0.958],[120.348,0.986],[120.328,0.854],[120.389,0.802],[120.577,0.769],[120.607,0.873],[120.789,1.036],[120.776,1.112],[120.824,1.184],[120.808,1.271],[120.833,1.321],[120.976,1.349],[121.065,1.308],[121.101,1.321],[121.233,1.242],[121.407,1.269],[121.447,1.318],[121.471,1.273],[121.431,1.172],[121.561,1.07],[121.707,1.061],[121.937,1.107],[121.991,1.027],[122.105,1.074],[122.188,1.045],[122.068,0.997],[121.968,0.895],[121.882,0.973],[121.5,0.851],[121.386,0.871],[121.295,0.824],[121.226,0.708],[121.169,0.691],[121.247,0.598],[121.355,0.571],[121.346,0.474],[121.297,0.497],[121.183,0.459],[121.153,0.409],[121.088,0.398],[121.032,0.439],[120.905,0.394],[120.699,0.509],[120.529,0.514],[120.304,0.414],[120.158,0.222],[120.089,-0.04],[120.032,-0.088],[120.04,-0.14],[120.008,-0.176],[120.01,-0.291],[120.07,-0.443],[120.055,-0.63],[120.103,-0.729],[120.313,-0.968],[120.409,-0.925],[120.459,-0.993],[120.505,-1.0],[120.592,-1.169],[120.571,-1.254],[120.69,-1.421],[120.73,-1.385],[120.842,-1.368],[120.859,-1.416],[121.117,-1.423],[121.3,-1.103],[121.447,-0.975],[121.472,-0.906],[121.588,-0.869],[121.651,-0.806],[121.655,-0.911],[121.768,-0.973],[121.95,-0.997],[122.005,-0.941],[122.102,-0.964],[122.202,-0.79],[122.627,-0.767],[122.729,-0.815],[122.78,-0.778],[122.914,-0.769],[122.88,-0.723],[122.762,-0.703],[122.812,-0.635],[122.956,-0.649],[123.114,-0.575],[123.273,-0.591],[123.41,-0.661],[123.382,-0.675],[123.452,-0.766],[123.349,-1.037],[123.263,-1.051],[123.144,-0.943],[123.147,-0.889],[123.101,-0.84],[123.057,-0.903],[122.79,-0.95],[122.794,-0.999],[122.708,-1.134],[122.632,-1.172],[122.618,-1.238],[122.561,-1.262],[122.557,-1.309],[122.391,-1.489],[122.221,-1.596],[122.024,-1.613],[121.96,-1.675],[121.878,-1.675],[121.81,-1.73],[121.749,-1.887],[121.685,-1.943],[121.565,-1.949],[121.463,-1.865],[121.451,-1.804],[121.372,-1.81],[121.322,-1.775],[121.296,-1.799],[121.291,-1.858],[121.334,-1.878],[121.317,-1.938],[121.376,-1.964],[121.419,-1.94],[121.525,-2.049],[121.55,-2.172],[121.681,-2.182],[121.821,-2.295],[122.033,-2.66],[122.004,-2.712],[122.086,-2.789],[122.181,-2.823],[122.181,-2.87],[122.319,-2.915],[122.251,-3.023],[122.383,-3.143],[122.413,-3.128],[122.486,-3.181],[122.425,-3.204],[122.428,-3.249],[122.324,-3.241],[122.313,-3.271],[122.286,-3.254],[122.274,-3.138],[122.19,-3.094],[122.192,-3.033],[122.131,-3.016],[122.09,-2.962],[121.94,-2.932],[121.899,-2.804],[121.819,-2.764],[121.701,-2.549],[121.511,-2.495],[121.304,-2.365],[120.954,-2.238],[120.703,-2.213],[120.595,-2.138],[120.401,-1.888],[120.33,-2.054],[120.12,-2.008],[120.101,-1.967],[119.995,-1.963],[119.838,-2.051],[119.816,-2.015],[119.903,-1.797],[119.763,-1.765],[119.776,-1.693],[119.669,-1.546],[119.659,-1.496],[119.697,-1.46],[119.639,-1.406],[119.517,-1.436],[119.498,-1.394],[119.451,-1.396],[119.431,-1.336],[119.505,-1.31],[119.505,-1.278],[119.571,-1.273],[119.604,-1.167],[119.551,-0.861]]],[[[123.169,-1.635],[123.104,-1.583],[123.185,-1.513],[123.158,-1.318],[123.104,-1.349],[123.022,-1.495],[122.909,-1.605],[122.866,-1.6],[122.785,-1.452],[122.834,-1.271],[122.905,-1.184],[122.979,-1.203],[123.11,-1.17],[123.145,-1.209],[123.187,-1.162],[123.245,-1.232],[123.192,-1.328],[123.248,-1.395],[123.36,-1.231],[123.557,-1.288],[123.539,-1.398],[123.459,-1.519],[123.368,-1.504],[123.301,-1.414],[123.23,-1.6],[123.169,-1.635]]],[[[123.477,-1.656],[123.501,-1.507],[123.548,-1.509],[123.571,-1.607],[123.628,-1.625],[123.615,-1.695],[123.576,-1.727],[123.492,-1.711],[123.477,-1.656]]],[[[121.915,-0.454],[121.917,-0.52],[121.834,-0.496],[121.662,-0.559],[121.755,-0.431],[121.783,-0.452],[121.844,-0.415],[121.915,-0.454]]],[[[121.965,-0.42],[121.916,-0.44],[121.872,-0.416],[121.873,-0.359],[122.055,-0.353],[122.06,-0.405],[121.965,-0.42]]],[[[123.136,-1.781],[123.141,-1.866],[123.064,-1.92],[123.092,-1.77],[123.136,-1.781]]],[[[122.096,-0.403],[122.077,-0.43],[122.056,-0.367],[122.098,-0.296],[122.15,-0.399],[122.096,-0.403]]],[[[123.86,-1.997],[123.82,-2.012],[123.789,-1.98],[123.772,-1.903],[123.808,-1.894],[123.86,-1.997]]],[[[122.362,-0.363],[122.295,-0.268],[122.307,-0.24],[122.376,-0.284],[122.362,-0.363]]],[[[121.621,-0.212],[121.563,-0.182],[121.601,-0.129],[121.644,-0.131],[121.649,-0.194],[121.621,-0.212]]],[[[123.313,-1.721],[123.36,-1.678],[123.391,-1.709],[123.315,-1.784],[123.268,-1.787],[123.313,-1.721]]]]}},{"type":"Feature","properties":{"provinsi":"Sulawesi Utara"},"geometry":{"type":"MultiPolygon","coordinates":[[[[123.466,0.33],[123.519,0.45],[123.527,0.572],[123.494,0.636],[123.369,0.662],[123.257,0.75],[123.241,0.836],[123.117,0.929],[123.184,0.906],[123.222,0.952],[123.267,0.919],[123.606,0.907],[123.785,0.835],[123.921,0.849],[124.138,0.928],[124.197,0.987],[124.308,1.022],[124.345,1.158],[124.414,1.196],[124.584,1.195],[124.611,1.235],[124.516,1.302],[124.533,1.357],[124.626,1.419],[124.674,1.396],[124.829,1.469],[124.845,1.524],[124.806,1.577],[124.994,1.755],[125.027,1.735],[125.014,1.693],[125.112,1.663],[125.154,1.58],[125.243,1.506],[125.229,1.462],[125.148,1.439],[125.076,1.368],[125.021,1.147],[124.883,0.964],[124.788,0.943],[124.625,0.763],[124.632,0.713],[124.554,0.636],[124.561,0.589],[124.495,0.549],[124.512,0.474],[123.781,0.313],[123.466,0.33]]],[[[126.689,4.371],[126.72,4.526],[126.751,4.56],[126.805,4.546],[126.856,4.498],[126.852,4.386],[126.914,4.284],[126.792,4.169],[126.8,4.058],[126.762,4.012],[126.665,4.057],[126.789,4.254],[126.714,4.282],[126.689,4.371]]],[[[125.65,3.509],[125.678,3.424],[125.64,3.378],[125.524,3.434],[125.486,3.478],[125.513,3.559],[125.399,3.664],[125.423,3.725],[125.509,3.717],[125.597,3.606],[125.573,3.58],[125.65,3.509]]],[[[125.379,2.797],[125.423,2.805],[125.45,2.753],[125.357,2.738],[125.379,2.797]]],[[[126.723,3.904],[126.679,3.873],[126.668,3.946],[126.705,3.954],[126.723,3.904]]],[[[126.823,3.746],[126.753,3.807],[126.743,3.864],[126.834,3.815],[126.849,3.77],[126.823,3.746]]],[[[125.376,2.354],[125.434,2.387],[125.467,2.353],[125.44,2.32],[125.376,2.354]]]]}},{"type":"Feature","properties":{"provinsi":"Papua Barat"},"geometry":{"type":"MultiPolygon","coordinates":[[[[134.233,-1.742],[134.166,-1.951],[134.135,-1.908],[134.148,-1.827],[134.203,-1.737],[134.233,-1.742]]],[[[134.661,-2.823],[134.427,-3.007],[134.425,-3.11],[134.276,-3.238],[134.205,-3.391],[135.258,-3.756],[134.876,-4.252],[134.815,-4.253],[134.816,-4.229],[134.723,-4.198],[134.713,-4.13],[134.74,-4.123],[134.629,-4.119],[134.654,-4.053],[134.649,-4.099],[134.721,-4.058],[134.675,-4.044],[134.661,-3.982],[134.74,-3.951],[134.747,-3.973],[134.766,-3.942],[134.761,-3.971],[134.815,-3.987],[134.769,-3.934],[134.833,-3.951],[134.868,-3.999],[134.87,-3.977],[134.947,-3.983],[134.963,-3.949],[134.918,-3.965],[134.934,-3.936],[134.674,-3.92],[134.604,-4.0],[134.506,-4.044],[134.446,-3.981],[134.475,-3.973],[134.438,-3.919],[134.332,-3.88],[134.361,-3.916],[134.35,-3.966],[134.27,-3.937],[134.334,-4.021],[134.291,-4.048],[134.249,-3.976],[134.163,-3.927],[134.168,-3.894],[134.105,-3.898],[134.191,-3.833],[134.136,-3.742],[134.098,-3.767],[134.117,-3.792],[134.055,-3.822],[134.042,-3.782],[133.997,-3.816],[134.041,-3.841],[133.999,-3.853],[133.986,-3.823],[133.96,-3.862],[133.914,-3.784],[133.933,-3.749],[133.839,-3.631],[133.833,-3.556],[133.788,-3.597],[133.774,-3.574],[133.816,-3.727],[133.752,-3.646],[133.691,-3.671],[133.707,-3.604],[133.621,-3.476],[133.691,-3.411],[133.701,-3.439],[133.668,-3.227],[133.702,-3.17],[133.764,-3.177],[133.779,-3.213],[133.771,-3.114],[133.827,-3.088],[133.835,-3.019],[133.897,-3.076],[133.885,-3.115],[133.923,-3.122],[133.915,-3.056],[133.886,-3.072],[133.85,-2.969],[133.907,-2.933],[133.855,-2.953],[133.854,-2.924],[133.798,-2.903],[133.826,-2.943],[133.793,-3.029],[133.731,-3.03],[133.648,-3.123],[133.672,-3.209],[133.634,-3.415],[133.538,-3.428],[133.489,-3.308],[133.518,-3.434],[133.483,-3.441],[133.417,-3.414],[133.442,-3.358],[133.419,-3.384],[133.431,-3.359],[133.39,-3.337],[133.429,-3.363],[133.406,-3.394],[133.428,-3.428],[133.551,-3.455],[133.597,-3.526],[133.582,-3.572],[133.41,-3.691],[133.467,-3.515],[133.421,-3.512],[133.461,-3.543],[133.426,-3.544],[133.433,-3.597],[133.378,-3.593],[133.331,-3.544],[133.269,-3.606],[133.232,-3.594],[133.269,-3.607],[133.328,-3.554],[133.402,-3.595],[133.395,-3.747],[133.458,-3.858],[133.367,-3.873],[133.353,-3.901],[133.312,-3.841],[133.273,-3.835],[133.284,-3.783],[133.236,-3.741],[133.216,-3.754],[133.261,-3.756],[133.285,-3.808],[133.282,-3.848],[133.243,-3.851],[133.297,-3.841],[133.347,-3.906],[133.403,-3.904],[133.325,-3.983],[133.29,-3.949],[133.33,-3.989],[133.25,-4.074],[133.076,-4.054],[133.028,-4.077],[133.019,-4.119],[132.957,-4.105],[132.808,-3.945],[132.812,-3.921],[132.845,-3.955],[132.725,-3.636],[132.89,-3.644],[132.903,-3.574],[132.939,-3.552],[132.907,-3.547],[132.896,-3.462],[132.853,-3.477],[132.816,-3.444],[132.798,-3.355],[132.843,-3.299],[132.773,-3.257],[132.728,-3.28],[132.728,-3.337],[132.663,-3.316],[132.596,-3.23],[132.645,-3.192],[132.556,-3.152],[132.561,-3.11],[132.35,-2.965],[132.351,-2.937],[132.207,-2.906],[132.153,-2.941],[132.101,-2.929],[132.121,-2.942],[132.087,-2.96],[132.058,-2.888],[132.046,-2.923],[132.008,-2.888],[131.982,-2.924],[131.976,-2.879],[132.029,-2.876],[132.038,-2.838],[131.978,-2.83],[132.065,-2.787],[131.951,-2.767],[132.074,-2.725],[132.097,-2.746],[132.095,-2.708],[132.201,-2.704],[132.111,-2.691],[132.197,-2.652],[132.439,-2.678],[132.418,-2.695],[132.458,-2.712],[132.432,-2.735],[132.494,-2.711],[132.465,-2.692],[132.484,-2.678],[132.58,-2.689],[132.716,-2.798],[132.792,-2.79],[133.042,-2.495],[133.215,-2.411],[133.303,-2.444],[133.31,-2.509],[133.209,-2.547],[133.238,-2.524],[133.276,-2.542],[133.293,-2.511],[133.306,-2.545],[133.324,-2.468],[133.362,-2.505],[133.325,-2.531],[133.364,-2.501],[133.381,-2.529],[133.343,-2.608],[133.373,-2.587],[133.372,-2.672],[133.291,-2.671],[133.298,-2.644],[133.23,-2.722],[133.312,-2.667],[133.309,-2.701],[133.319,-2.672],[133.389,-2.669],[133.38,-2.723],[133.424,-2.761],[133.381,-2.701],[133.408,-2.694],[133.409,-2.726],[133.4,-2.667],[133.436,-2.603],[133.401,-2.537],[133.424,-2.503],[133.449,-2.516],[133.458,-2.616],[133.427,-2.677],[133.488,-2.727],[133.439,-2.686],[133.439,-2.644],[133.473,-2.638],[133.48,-2.68],[133.465,-2.651],[133.491,-2.643],[133.503,-2.683],[133.504,-2.639],[133.523,-2.688],[133.513,-2.646],[133.559,-2.667],[133.535,-2.61],[133.626,-2.643],[133.604,-2.613],[133.575,-2.629],[133.569,-2.593],[133.609,-2.606],[133.569,-2.568],[133.605,-2.585],[133.614,-2.538],[133.604,-2.563],[133.636,-2.578],[133.604,-2.557],[133.642,-2.532],[133.651,-2.617],[133.667,-2.555],[133.665,-2.685],[133.639,-2.675],[133.676,-2.705],[133.657,-2.739],[133.604,-2.727],[133.648,-2.741],[133.643,-2.789],[133.618,-2.762],[133.631,-2.8],[133.603,-2.808],[133.648,-2.868],[133.626,-2.813],[133.654,-2.803],[133.65,-2.747],[133.712,-2.783],[133.666,-2.733],[133.709,-2.705],[133.669,-2.676],[133.69,-2.616],[133.753,-2.624],[133.732,-2.702],[133.741,-2.664],[133.759,-2.675],[133.776,-2.754],[133.761,-2.672],[133.799,-2.649],[133.83,-2.67],[133.811,-2.735],[133.837,-2.667],[133.851,-2.709],[133.928,-2.713],[133.849,-2.704],[133.856,-2.674],[133.896,-2.678],[133.845,-2.664],[133.864,-2.633],[133.889,-2.651],[133.864,-2.606],[133.844,-2.662],[133.799,-2.639],[133.784,-2.487],[133.871,-2.507],[133.792,-2.483],[133.821,-2.445],[133.903,-2.482],[133.964,-2.469],[133.948,-2.501],[134.014,-2.58],[133.95,-2.5],[133.986,-2.447],[133.948,-2.42],[134.031,-2.338],[134.02,-2.316],[134.029,-2.344],[133.958,-2.349],[134.0,-2.242],[133.943,-2.232],[133.963,-2.182],[133.937,-2.196],[133.96,-2.148],[134.011,-2.156],[133.937,-2.16],[133.966,-2.076],[133.902,-2.136],[133.949,-2.045],[133.905,-2.104],[133.907,-2.058],[133.875,-2.109],[133.837,-2.094],[133.842,-2.067],[133.824,-2.131],[133.781,-2.151],[133.815,-2.098],[133.761,-2.088],[133.777,-2.125],[133.734,-2.099],[133.776,-2.127],[133.77,-2.161],[133.717,-2.157],[133.732,-2.123],[133.697,-2.196],[133.661,-2.203],[133.673,-2.14],[133.64,-2.193],[133.657,-2.209],[133.62,-2.194],[133.623,-2.233],[133.58,-2.224],[133.576,-2.191],[133.669,-2.131],[133.64,-2.158],[133.643,-2.127],[133.615,-2.179],[133.582,-2.152],[133.623,-2.136],[133.579,-2.143],[133.571,-2.174],[133.525,-2.112],[133.454,-2.094],[133.58,-2.16],[133.555,-2.224],[133.509,-2.23],[133.497,-2.194],[133.529,-2.205],[133.543,-2.173],[133.524,-2.164],[133.528,-2.204],[133.479,-2.187],[133.511,-2.165],[133.475,-2.124],[133.46,-2.14],[133.476,-2.125],[133.509,-2.164],[133.474,-2.175],[133.487,-2.232],[133.452,-2.199],[133.455,-2.228],[133.416,-2.225],[133.426,-2.157],[133.428,-2.216],[133.385,-2.192],[133.326,-2.218],[133.277,-2.202],[133.318,-2.169],[133.299,-2.193],[133.263,-2.178],[133.274,-2.158],[133.263,-2.202],[133.158,-2.197],[132.96,-2.293],[132.944,-2.262],[132.897,-2.281],[132.825,-2.243],[132.715,-2.298],[132.649,-2.29],[132.575,-2.189],[132.316,-2.284],[132.197,-2.152],[132.141,-2.149],[132.134,-2.083],[132.107,-2.089],[132.134,-2.14],[132.039,-2.07],[132.115,-1.993],[132.136,-2.024],[132.273,-1.935],[132.181,-1.99],[132.113,-1.985],[132.085,-2.022],[132.087,-1.87],[132.17,-1.899],[132.292,-1.841],[132.288,-1.817],[132.34,-1.814],[132.288,-1.816],[132.293,-1.839],[132.17,-1.898],[132.087,-1.868],[132.043,-2.027],[132.033,-1.974],[132.01,-2.006],[131.967,-1.965],[131.997,-1.911],[132.034,-1.93],[131.973,-1.914],[131.971,-1.847],[132.073,-1.845],[131.951,-1.863],[131.959,-1.827],[132.015,-1.804],[131.948,-1.844],[131.921,-1.813],[131.995,-1.738],[132.039,-1.791],[132.009,-1.768],[132.027,-1.715],[132.092,-1.79],[132.088,-1.753],[132.04,-1.729],[132.09,-1.703],[132.055,-1.722],[132.005,-1.685],[132.078,-1.67],[132.096,-1.649],[132.072,-1.667],[132.069,-1.632],[132.149,-1.574],[132.05,-1.644],[132.106,-1.569],[132.076,-1.52],[132.103,-1.568],[132.048,-1.628],[132.053,-1.663],[132.015,-1.641],[132.027,-1.667],[131.912,-1.72],[131.901,-1.674],[131.961,-1.656],[131.896,-1.672],[131.881,-1.638],[131.918,-1.58],[131.948,-1.594],[131.937,-1.573],[132.002,-1.555],[131.962,-1.479],[132.011,-1.448],[131.982,-1.466],[131.986,-1.417],[131.958,-1.426],[131.969,-1.549],[131.87,-1.584],[131.872,-1.527],[131.921,-1.525],[131.876,-1.508],[131.882,-1.553],[131.81,-1.614],[131.779,-1.597],[131.808,-1.546],[131.795,-1.491],[131.834,-1.499],[131.797,-1.447],[131.821,-1.429],[131.796,-1.441],[131.821,-1.474],[131.791,-1.492],[131.798,-1.549],[131.727,-1.584],[131.695,-1.556],[131.742,-1.506],[131.745,-1.454],[131.713,-1.415],[131.687,-1.438],[131.653,-1.407],[131.734,-1.367],[131.718,-1.29],[131.733,-1.364],[131.652,-1.403],[131.669,-1.465],[131.611,-1.412],[131.633,-1.36],[131.61,-1.411],[131.641,-1.448],[131.561,-1.433],[131.576,-1.471],[131.524,-1.48],[131.526,-1.396],[131.557,-1.382],[131.538,-1.353],[131.589,-1.343],[131.569,-1.241],[131.585,-1.346],[131.536,-1.349],[131.55,-1.385],[131.514,-1.377],[131.515,-1.475],[131.475,-1.457],[131.501,-1.468],[131.465,-1.488],[131.447,-1.441],[131.479,-1.487],[131.449,-1.514],[131.38,-1.452],[131.452,-1.4],[131.432,-1.377],[131.422,-1.426],[131.39,-1.411],[131.435,-1.348],[131.381,-1.402],[131.336,-1.366],[131.349,-1.286],[131.325,-1.351],[131.297,-1.355],[131.279,-1.315],[131.314,-1.373],[131.259,-1.371],[131.337,-1.438],[131.284,-1.504],[131.209,-1.523],[131.167,-1.463],[130.996,-1.46],[130.931,-1.426],[130.999,-1.382],[131.051,-1.254],[131.177,-1.22],[131.249,-1.083],[131.24,-1.028],[131.284,-0.991],[131.268,-0.921],[131.3,-0.918],[131.242,-0.877],[131.226,-0.821],[131.509,-0.73],[131.544,-0.741],[131.508,-0.775],[131.848,-0.706],[131.977,-0.578],[132.071,-0.54],[132.094,-0.48],[132.171,-0.426],[132.419,-0.343],[132.719,-0.363],[132.799,-0.416],[132.766,-0.493],[132.799,-0.416],[132.905,-0.464],[132.954,-0.453],[132.972,-0.494],[133.151,-0.545],[133.397,-0.741],[133.547,-0.747],[133.573,-0.721],[133.722,-0.751],[133.757,-0.719],[133.817,-0.749],[133.872,-0.714],[133.973,-0.72],[134.137,-0.863],[134.053,-0.869],[134.01,-0.96],[134.103,-1.128],[134.19,-1.201],[134.279,-1.343],[134.214,-1.408],[134.201,-1.55],[134.067,-1.674],[134.095,-1.685],[134.103,-1.861],[134.157,-1.966],[134.103,-2.051],[134.173,-2.347],[134.32,-2.507],[134.287,-2.518],[134.34,-2.552],[134.319,-2.585],[134.376,-2.644],[134.461,-2.863],[134.524,-2.792],[134.46,-2.55],[134.514,-2.484],[134.569,-2.484],[134.513,-2.474],[134.551,-2.472],[134.532,-2.45],[134.602,-2.488],[134.631,-2.474],[134.661,-2.823]]],[[[134.348,-2.165],[134.316,-2.079],[134.388,-1.993],[134.412,-2.073],[134.348,-2.165]]],[[[134.575,-2.338],[134.591,-2.395],[134.562,-2.403],[134.564,-2.441],[134.503,-2.361],[134.562,-2.369],[134.563,-2.281],[134.575,-2.338]]],[[[132.709,-3.46],[132.724,-3.496],[132.699,-3.511],[132.63,-3.406],[132.664,-3.404],[132.709,-3.46]]],[[[134.052,-3.924],[134.099,-3.916],[134.211,-4.027],[134.084,-3.984],[134.052,-3.924]]],[[[134.414,-4.029],[134.363,-4.033],[134.377,-3.977],[134.452,-4.019],[134.414,-4.029]]],[[[133.507,-4.199],[133.635,-4.314],[133.549,-4.235],[133.46,-4.252],[133.417,-4.205],[133.331,-4.182],[133.318,-4.098],[133.507,-4.199]]],[[[130.105,-0.068],[130.088,0.002],[130.141,0.015],[130.11,0.004],[130.142,-0.017],[130.116,-0.035],[130.166,-0.066],[130.132,-0.097],[130.105,-0.068]]],[[[130.43,-0.202],[130.451,-0.197],[130.428,-0.176],[130.377,-0.182],[130.424,-0.166],[130.425,-0.129],[130.389,-0.172],[130.372,-0.138],[130.366,-0.16],[130.336,-0.142],[130.373,-0.182],[130.354,-0.192],[130.301,-0.173],[130.297,-0.093],[130.345,-0.11],[130.353,-0.079],[130.363,-0.135],[130.369,-0.076],[130.405,-0.077],[130.414,-0.114],[130.438,-0.074],[130.447,-0.1],[130.526,-0.068],[130.512,-0.05],[130.578,-0.075],[130.569,-0.039],[130.634,-0.062],[130.727,-0.027],[130.708,-0.062],[130.77,-0.054],[130.74,-0.025],[130.798,-0.005],[130.956,-0.034],[130.967,-0.062],[131.049,-0.02],[131.034,-0.06],[131.133,-0.071],[131.194,-0.131],[131.299,-0.16],[131.318,-0.198],[131.296,-0.239],[131.341,-0.291],[131.246,-0.341],[131.241,-0.381],[131.104,-0.308],[131.024,-0.357],[130.959,-0.351],[130.869,-0.235],[130.8,-0.241],[130.79,-0.169],[130.68,-0.098],[130.699,-0.078],[130.621,-0.08],[130.666,-0.117],[130.621,-0.145],[130.676,-0.173],[130.731,-0.295],[130.92,-0.305],[130.945,-0.354],[130.88,-0.421],[130.727,-0.44],[130.673,-0.339],[130.705,-0.325],[130.68,-0.292],[130.578,-0.321],[130.56,-0.367],[130.591,-0.379],[130.553,-0.431],[130.527,-0.247],[130.437,-0.29],[130.429,-0.261],[130.318,-0.273],[130.291,-0.229],[130.218,-0.208],[130.358,-0.201],[130.395,-0.23],[130.43,-0.202]]],[[[130.524,-0.468],[130.615,-0.395],[130.697,-0.448],[130.661,-0.51],[130.593,-0.534],[130.571,-0.517],[130.615,-0.487],[130.577,-0.463],[130.545,-0.512],[130.457,-0.51],[130.513,-0.487],[130.469,-0.484],[130.477,-0.439],[130.524,-0.468]]],[[[129.855,-0.42],[129.925,-0.413],[129.874,-0.498],[129.855,-0.42]]],[[[130.89,-0.772],[130.927,-0.784],[130.864,-0.805],[130.9,-0.833],[130.85,-0.86],[130.388,-0.923],[130.451,-0.894],[130.433,-0.862],[130.484,-0.789],[130.506,-0.798],[130.486,-0.83],[130.544,-0.84],[130.567,-0.794],[130.585,-0.833],[130.636,-0.791],[130.663,-0.826],[130.689,-0.82],[130.671,-0.798],[130.717,-0.83],[130.798,-0.793],[130.815,-0.826],[130.804,-0.752],[130.861,-0.801],[130.851,-0.766],[130.89,-0.772]]],[[[130.641,-0.97],[130.902,-0.888],[130.936,-0.94],[131.03,-0.912],[131.051,-0.931],[131.088,-1.012],[131.044,-1.242],[130.974,-1.354],[130.907,-1.322],[130.858,-1.346],[130.81,-1.267],[130.756,-1.249],[130.737,-1.165],[130.68,-1.108],[130.717,-1.079],[130.641,-0.97]]],[[[131.079,-1.075],[131.097,-1.003],[131.146,-0.998],[131.114,-1.078],[131.079,-1.075]]],[[[129.766,-1.171],[129.867,-1.144],[129.978,-1.172],[129.833,-1.251],[129.888,-1.197],[129.742,-1.22],[129.732,-1.193],[129.766,-1.171]]],[[[130.187,-2.065],[130.092,-2.044],[130.117,-2.039],[130.102,-2.018],[129.863,-1.977],[129.719,-1.879],[130.059,-1.724],[130.258,-1.729],[130.253,-1.704],[130.37,-1.676],[130.352,-1.737],[130.456,-1.834],[130.43,-1.872],[130.41,-1.86],[130.408,-1.898],[130.34,-1.922],[130.428,-1.973],[130.445,-1.954],[130.439,-1.982],[130.383,-1.982],[130.479,-2.008],[130.372,-2.042],[130.405,-2.0],[130.326,-1.986],[130.344,-1.956],[130.304,-2.011],[130.264,-2.011],[130.285,-2.032],[130.266,-2.054],[130.187,-2.065]]],[[[131.958,-1.838],[131.972,-1.924],[131.924,-1.871],[131.958,-1.838]]],[[[131.337,-1.352],[131.363,-1.397],[131.318,-1.424],[131.272,-1.381],[131.337,-1.352]]],[[[131.714,-1.429],[131.741,-1.457],[131.719,-1.521],[131.639,-1.545],[131.587,-1.49],[131.594,-1.464],[131.624,-1.484],[131.606,-1.464],[131.655,-1.443],[131.669,-1.467],[131.714,-1.429]]],[[[133.829,-2.241],[133.793,-2.277],[133.763,-2.24],[133.842,-2.201],[133.865,-2.23],[133.854,-2.205],[133.904,-2.193],[133.889,-2.266],[133.85,-2.284],[133.848,-2.24],[133.872,-2.248],[133.851,-2.236],[133.844,-2.285],[133.815,-2.291],[133.807,-2.24],[133.829,-2.241]]],[[[133.987,-2.267],[133.99,-2.299],[133.945,-2.324],[133.827,-2.33],[133.926,-2.305],[133.955,-2.233],[133.988,-2.229],[133.987,-2.267]]],[[[133.942,-2.327],[133.986,-2.387],[133.851,-2.36],[133.942,-2.327]]],[[[133.946,-2.467],[133.901,-2.478],[133.839,-2.395],[133.94,-2.395],[133.985,-2.449],[133.946,-2.467]]],[[[133.727,-2.434],[133.834,-2.409],[133.869,-2.456],[133.822,-2.444],[133.769,-2.482],[133.727,-2.434]]],[[[133.617,-2.498],[133.564,-2.514],[133.486,-2.417],[133.543,-2.438],[133.545,-2.473],[133.559,-2.444],[133.598,-2.456],[133.617,-2.498]]],[[[133.697,-2.498],[133.734,-2.504],[133.751,-2.557],[133.706,-2.549],[133.697,-2.498]]],[[[133.469,-2.563],[133.474,-2.503],[133.515,-2.587],[133.482,-2.608],[133.514,-2.622],[133.497,-2.643],[133.464,-2.621],[133.469,-2.563]]],[[[133.766,-2.512],[133.8,-2.539],[133.799,-2.633],[133.766,-2.512]]],[[[133.556,-2.52],[133.569,-2.591],[133.531,-2.608],[133.5,-2.545],[133.556,-2.52]]],[[[133.789,-2.628],[133.75,-2.671],[133.754,-2.622],[133.693,-2.611],[133.694,-2.538],[133.73,-2.577],[133.753,-2.557],[133.789,-2.628]]]]}},{"type":"Feature","properties":{"provinsi":"Sumatera Utara"},"geometry":{"type":"MultiPolygon","coordinates":[[[[98.256,4.291],[98.252,4.203],[98.168,4.16],[98.172,4.109],[98.272,4.12],[98.309,4.072],[98.388,4.076],[98.529,4.012],[98.559,3.94],[98.673,3.908],[98.702,3.811],[98.788,3.718],[98.991,3.653],[99.206,3.536],[99.485,3.348],[99.547,3.244],[99.738,3.171],[99.917,2.98],[99.999,2.937],[99.981,2.743],[100.06,2.733],[100.099,2.676],[100.223,2.704],[100.241,2.637],[100.331,2.534],[100.302,2.414],[100.36,2.22],[100.286,1.83],[100.292,1.802],[100.408,1.777],[100.455,1.629],[100.409,1.47],[100.243,1.393],[100.078,1.387],[100.13,1.175],[100.161,1.151],[100.109,1.072],[100.161,0.999],[100.093,0.915],[100.133,0.892],[100.14,0.798],[100.184,0.762],[99.882,0.906],[99.835,0.89],[99.845,0.686],[99.915,0.681],[99.919,0.606],[99.965,0.554],[99.908,0.475],[99.765,0.482],[99.717,0.454],[99.64,0.547],[99.587,0.517],[99.5,0.539],[99.407,0.493],[99.331,0.363],[99.236,0.328],[99.162,0.232],[99.154,0.309],[99.11,0.343],[99.136,0.436],[99.058,0.726],[98.992,0.823],[98.845,1.334],[98.778,1.435],[98.76,1.529],[98.841,1.629],[98.828,1.678],[98.797,1.684],[98.769,1.76],[98.707,1.789],[98.679,1.741],[98.467,1.987],[98.271,2.049],[98.153,2.146],[98.188,2.319],[98.084,2.509],[98.085,2.634],[98.124,2.655],[98.088,2.822],[97.955,2.9],[97.939,3.072],[97.983,3.084],[97.979,3.127],[97.925,3.226],[97.872,3.249],[97.985,3.276],[98.03,3.33],[97.95,3.392],[97.907,3.554],[97.87,3.571],[97.803,3.732],[97.909,3.821],[97.9,3.891],[98.023,3.97],[98.059,4.191],[98.145,4.287],[98.256,4.291]]],[[[97.5,0.916],[97.4,0.942],[97.358,1.075],[97.254,1.231],[97.073,1.417],[97.257,1.41],[97.34,1.49],[97.476,1.468],[97.678,1.177],[97.788,1.15],[97.854,1.054],[97.889,1.052],[97.936,0.961],[97.894,0.899],[97.892,0.629],[97.827,0.569],[97.704,0.56],[97.646,0.738],[97.5,0.916]]],[[[98.41,-0.597],[98.341,-0.512],[98.38,-0.338],[98.436,-0.296],[98.442,-0.245],[98.516,-0.355],[98.477,-0.519],[98.498,-0.555],[98.41,-0.597]]],[[[98.371,0.006],[98.466,-0.092],[98.488,-0.204],[98.568,-0.278],[98.563,-0.328],[98.516,-0.321],[98.315,-0.012],[98.371,0.006]]],[[[98.598,0.095],[98.531,0.106],[98.522,0.144],[98.609,0.184],[98.797,0.171],[98.851,0.118],[98.845,0.082],[98.598,0.095]]],[[[98.461,1.703],[98.486,1.699],[98.501,1.625],[98.444,1.652],[98.461,1.703]]]]}},{"type":"Feature","properties":{"provinsi":"Kepulauan Bangka Belitung"},"geometry":{"type":"MultiPolygon","coordinates":[[[[105.107,-2.022],[105.166,-1.926],[105.347,-1.841],[105.393,-1.779],[105.334,-1.694],[105.464,-1.56],[105.601,-1.545],[105.644,-1.642],[105.715,-1.656],[105.655,-1.717],[105.674,-1.762],[105.731,-1.781],[105.793,-1.755],[105.721,-1.58],[105.754,-1.531],[105.876,-1.519],[106.009,-1.568],[106.042,-1.698],[106.193,-1.896],[106.153,-2.016],[106.176,-2.151],[106.281,-2.398],[106.381,-2.474],[106.798,-2.566],[106.657,-2.721],[106.587,-2.916],[106.595,-2.953],[106.738,-3.004],[106.743,-3.054],[106.704,-3.095],[106.562,-3.083],[106.521,-3.112],[106.412,-2.967],[106.331,-2.963],[106.276,-2.903],[105.963,-2.805],[105.885,-2.636],[105.932,-2.473],[105.802,-2.359],[105.824,-2.307],[105.776,-2.156],[105.734,-2.128],[105.59,-2.12],[105.559,-2.082],[105.504,-2.081],[105.437,-2.133],[105.301,-2.143],[105.217,-2.064],[105.128,-2.083],[105.107,-2.022]]],[[[107.625,-2.743],[107.631,-2.596],[107.662,-2.558],[107.815,-2.536],[108.083,-2.606],[108.184,-2.677],[108.29,-2.853],[108.2,-3.011],[108.169,-3.148],[108.073,-3.166],[108.063,-3.236],[107.968,-3.238],[107.962,-3.149],[107.852,-3.053],[107.84,-3.147],[107.642,-3.231],[107.59,-3.198],[107.628,-3.143],[107.57,-3.028],[107.611,-2.926],[107.545,-2.902],[107.6,-2.858],[107.625,-2.743]]],[[[106.881,-3.0],[106.873,-3.028],[106.793,-3.02],[106.708,-2.963],[106.804,-2.886],[106.901,-2.935],[106.881,-3.0]]],[[[107.488,-2.854],[107.472,-2.908],[107.416,-2.945],[107.362,-2.896],[107.427,-2.828],[107.488,-2.854]]],[[[107.094,-2.873],[107.061,-2.907],[107.021,-2.873],[107.054,-2.819],[107.094,-2.873]]]]}},{"type":"Feature","properties":{"provinsi":"Sumatera Barat"},"geometry":{"type":"MultiPolygon","coordinates":[[[[99.162,0.232],[99.236,0.328],[99.331,0.363],[99.407,0.493],[99.5,0.539],[99.587,0.517],[99.64,0.547],[99.717,0.454],[99.765,0.482],[99.908,0.475],[99.965,0.554],[99.919,0.606],[99.915,0.681],[99.845,0.686],[99.835,0.89],[99.882,0.906],[99.957,0.875],[100.256,0.709],[100.206,0.593],[100.282,0.408],[100.282,0.333],[100.395,0.34],[100.464,0.222],[100.778,0.169],[100.748,-0.065],[100.781,-0.23],[100.834,-0.318],[100.91,-0.371],[100.941,-0.312],[100.996,-0.314],[101.032,-0.341],[101.068,-0.498],[101.181,-0.549],[101.257,-0.627],[101.36,-0.659],[101.407,-0.737],[101.596,-0.851],[101.654,-0.935],[101.822,-0.977],[101.83,-1.102],[101.879,-1.11],[101.815,-1.21],[101.709,-1.238],[101.69,-1.295],[101.719,-1.345],[101.691,-1.397],[101.721,-1.421],[101.694,-1.481],[101.567,-1.572],[101.492,-1.681],[101.216,-1.714],[101.188,-1.677],[101.126,-1.679],[101.145,-1.918],[101.244,-2.022],[101.292,-2.133],[101.306,-2.239],[101.245,-2.345],[101.028,-2.482],[100.897,-2.338],[100.831,-2.189],[100.884,-2.043],[100.858,-1.919],[100.642,-1.619],[100.544,-1.308],[100.459,-1.26],[100.402,-1.268],[100.418,-1.2],[100.383,-1.178],[100.41,-1.038],[100.365,-0.995],[100.343,-0.882],[100.117,-0.631],[100.081,-0.55],[99.821,-0.307],[99.751,-0.153],[99.766,-0.065],[99.611,0.07],[99.394,0.152],[99.354,0.231],[99.254,0.211],[99.162,0.232]]],[[[99.263,-1.719],[99.242,-1.792],[99.17,-1.775],[99.104,-1.809],[98.872,-1.676],[98.82,-1.613],[98.798,-1.52],[98.597,-1.223],[98.656,-0.979],[98.905,-0.907],[98.93,-1.056],[98.997,-1.11],[99.223,-1.605],[99.258,-1.59],[99.281,-1.629],[99.263,-1.719]]],[[[100.432,-3.0],[100.466,-3.034],[100.468,-3.144],[100.394,-3.149],[100.39,-3.197],[100.475,-3.335],[100.343,-3.246],[100.332,-3.13],[100.187,-2.986],[100.175,-2.801],[100.236,-2.778],[100.432,-3.0]]],[[[99.996,-2.749],[99.97,-2.509],[99.995,-2.498],[100.169,-2.64],[100.221,-2.74],[100.116,-2.832],[100.015,-2.806],[99.996,-2.749]]],[[[99.823,-2.307],[99.834,-2.361],[99.794,-2.368],[99.674,-2.286],[99.599,-2.282],[99.527,-2.152],[99.571,-2.144],[99.545,-2.068],[99.566,-2.036],[99.619,-2.026],[99.69,-2.074],[99.783,-2.285],[99.823,-2.307]]]]}},{"type":"Feature","properties":{"provinsi":"Sumatera Selatan"},"geometry":{"type":"MultiPolygon","coordinates":[[[[105.786,-4.117],[105.737,-4.143],[105.652,-4.087],[105.609,-3.941],[105.476,-3.822],[105.432,-3.827],[105.415,-3.777],[105.353,-3.794],[105.34,-3.729],[105.246,-3.908],[105.174,-3.912],[105.012,-4.174],[104.788,-4.262],[104.601,-4.233],[104.449,-4.299],[104.33,-4.425],[104.333,-4.612],[104.294,-4.647],[104.303,-4.764],[104.35,-4.852],[104.311,-4.886],[104.191,-4.865],[104.16,-4.923],[103.934,-4.887],[103.864,-4.918],[103.864,-4.848],[103.777,-4.796],[103.63,-4.555],[103.591,-4.523],[103.521,-4.575],[103.477,-4.565],[103.405,-4.5],[103.469,-4.348],[103.33,-4.293],[103.308,-4.257],[103.201,-4.247],[103.128,-4.025],[102.956,-4.013],[102.915,-3.972],[102.887,-3.989],[102.793,-3.954],[102.636,-3.812],[102.655,-3.773],[102.728,-3.75],[102.766,-3.644],[102.81,-3.608],[102.814,-3.535],[102.921,-3.593],[102.982,-3.526],[102.99,-3.37],[102.888,-3.375],[102.774,-3.28],[102.641,-3.35],[102.596,-3.333],[102.492,-3.245],[102.485,-3.107],[102.441,-3.058],[102.323,-3.068],[102.248,-3.028],[102.224,-2.929],[102.132,-2.875],[102.067,-2.767],[102.236,-2.688],[102.28,-2.616],[102.333,-2.656],[102.387,-2.648],[102.406,-2.689],[102.491,-2.705],[102.518,-2.677],[102.598,-2.677],[102.641,-2.609],[102.794,-2.534],[102.875,-2.408],[102.84,-2.358],[102.878,-2.305],[102.985,-2.339],[103.054,-2.312],[103.124,-2.358],[103.212,-2.313],[103.165,-2.219],[103.273,-2.155],[103.304,-2.239],[103.45,-2.344],[103.453,-2.178],[103.527,-2.167],[103.514,-2.084],[103.562,-2.0],[103.442,-1.914],[103.5,-1.858],[103.553,-1.891],[103.598,-1.814],[103.864,-1.804],[103.925,-1.75],[103.98,-1.809],[104.273,-1.744],[104.3,-1.774],[104.351,-1.742],[104.362,-1.643],[104.418,-1.628],[104.515,-1.676],[104.545,-1.726],[104.475,-1.913],[104.52,-1.926],[104.552,-1.855],[104.65,-1.914],[104.687,-1.992],[104.848,-2.008],[104.908,-2.148],[104.853,-2.288],[104.913,-2.284],[104.934,-2.344],[105.122,-2.382],[105.228,-2.335],[105.558,-2.419],[105.616,-2.39],[105.602,-2.553],[105.633,-2.645],[105.788,-2.713],[105.811,-2.915],[105.859,-2.955],[106.007,-2.965],[106.043,-2.993],[106.079,-3.251],[105.913,-3.385],[105.816,-3.649],[105.827,-3.713],[105.928,-3.777],[105.957,-3.849],[105.866,-4.018],[105.84,-4.16],[105.786,-4.117]]]]}},{"type":"Feature","properties":{"provinsi":"Jambi"},"geometry":{"type":"MultiPolygon","coordinates":[[[[101.294,-2.28],[101.292,-2.133],[101.244,-2.022],[101.145,-1.918],[101.126,-1.679],[101.188,-1.677],[101.216,-1.714],[101.492,-1.681],[101.567,-1.572],[101.694,-1.481],[101.721,-1.421],[101.691,-1.397],[101.719,-1.345],[101.69,-1.295],[101.709,-1.238],[101.815,-1.21],[101.859,-1.158],[101.879,-1.11],[101.83,-1.102],[101.822,-0.977],[101.924,-0.941],[101.984,-0.88],[102.117,-0.921],[102.163,-0.899],[102.217,-0.946],[102.304,-0.917],[102.393,-1.03],[102.443,-1.025],[102.495,-1.085],[102.638,-1.12],[102.781,-1.024],[103.009,-0.755],[103.482,-0.771],[103.544,-0.815],[103.549,-0.859],[103.749,-0.987],[104.055,-1.011],[104.21,-1.071],[104.37,-1.022],[104.414,-1.131],[104.402,-1.23],[104.461,-1.336],[104.466,-1.596],[104.515,-1.676],[104.418,-1.628],[104.362,-1.643],[104.351,-1.742],[104.3,-1.774],[104.273,-1.744],[103.98,-1.809],[103.925,-1.75],[103.864,-1.804],[103.598,-1.814],[103.553,-1.891],[103.5,-1.858],[103.442,-1.914],[103.562,-2.0],[103.514,-2.084],[103.527,-2.167],[103.453,-2.178],[103.45,-2.344],[103.304,-2.239],[103.273,-2.155],[103.165,-2.219],[103.212,-2.313],[103.124,-2.358],[103.054,-2.312],[102.985,-2.339],[102.878,-2.305],[102.84,-2.358],[102.875,-2.408],[102.794,-2.534],[102.641,-2.609],[102.598,-2.677],[102.518,-2.677],[102.491,-2.705],[102.406,-2.689],[102.387,-2.648],[102.333,-2.656],[102.28,-2.616],[102.236,-2.688],[102.067,-2.767],[101.99,-2.723],[101.868,-2.728],[101.675,-2.533],[101.546,-2.561],[101.559,-2.451],[101.294,-2.28]]]]}},{"type":"Feature","properties":{"provinsi":"Lampung"},"geometry":{"type":"MultiPolygon","coordinates":[[[[103.778,-4.797],[103.864,-4.848],[103.864,-4.918],[103.934,-4.887],[104.16,-4.923],[104.191,-4.865],[104.311,-4.886],[104.35,-4.852],[104.303,-4.764],[104.294,-4.647],[104.333,-4.612],[104.33,-4.425],[104.449,-4.299],[104.601,-4.233],[104.788,-4.262],[105.012,-4.174],[105.174,-3.912],[105.246,-3.908],[105.34,-3.729],[105.353,-3.794],[105.415,-3.777],[105.432,-3.827],[105.476,-3.822],[105.609,-3.941],[105.652,-4.087],[105.737,-4.143],[105.792,-4.119],[105.822,-4.166],[105.818,-4.316],[105.898,-4.466],[105.884,-4.594],[105.913,-4.647],[105.859,-4.776],[105.904,-4.939],[105.866,-4.984],[105.863,-5.26],[105.82,-5.336],[105.822,-5.594],[105.774,-5.838],[105.711,-5.857],[105.604,-5.831],[105.553,-5.695],[105.408,-5.623],[105.292,-5.446],[105.251,-5.471],[105.245,-5.589],[105.205,-5.577],[105.194,-5.707],[105.158,-5.748],[105.185,-5.805],[105.148,-5.81],[104.776,-5.605],[104.709,-5.523],[104.595,-5.497],[104.53,-5.542],[104.639,-5.688],[104.721,-5.934],[104.593,-5.937],[104.412,-5.706],[104.3,-5.641],[104.298,-5.574],[104.119,-5.456],[103.999,-5.322],[103.996,-5.267],[103.905,-5.207],[103.933,-5.17],[103.909,-5.127],[103.715,-4.968],[103.598,-4.922],[103.718,-4.802],[103.778,-4.797]]]]}},{"type":"Feature","properties":{"provinsi":"Bengkulu"},"geometry":{"type":"MultiPolygon","coordinates":[[[[103.777,-4.796],[103.718,-4.802],[103.598,-4.922],[103.536,-4.914],[103.309,-4.782],[103.278,-4.704],[103.113,-4.578],[102.9,-4.49],[102.793,-4.355],[102.277,-3.951],[102.308,-3.901],[102.3,-3.841],[102.255,-3.797],[102.215,-3.654],[101.621,-3.24],[101.406,-2.926],[101.325,-2.739],[101.155,-2.639],[101.028,-2.482],[101.245,-2.345],[101.294,-2.28],[101.559,-2.451],[101.546,-2.561],[101.675,-2.533],[101.868,-2.728],[101.99,-2.723],[102.067,-2.767],[102.132,-2.875],[102.224,-2.929],[102.248,-3.028],[102.323,-3.068],[102.441,-3.058],[102.485,-3.107],[102.492,-3.245],[102.596,-3.333],[102.641,-3.35],[102.774,-3.28],[102.888,-3.375],[102.99,-3.37],[102.982,-3.526],[102.921,-3.593],[102.814,-3.535],[102.81,-3.608],[102.766,-3.644],[102.728,-3.75],[102.655,-3.773],[102.636,-3.812],[102.793,-3.954],[102.887,-3.989],[102.915,-3.972],[102.956,-4.013],[103.128,-4.025],[103.201,-4.247],[103.308,-4.257],[103.33,-4.293],[103.469,-4.348],[103.405,-4.5],[103.521,-4.575],[103.591,-4.523],[103.777,-4.796]]],[[[102.156,-5.286],[102.4,-5.39],[102.371,-5.503],[102.294,-5.474],[102.274,-5.498],[102.216,-5.409],[102.105,-5.352],[102.156,-5.286]]]]}},{"type":"Feature","properties":{"provinsi":"Aceh"},"geometry":{"type":"MultiPolygon","coordinates":[[[[98.256,4.291],[98.145,4.287],[98.059,4.191],[98.023,3.97],[97.9,3.891],[97.909,3.821],[97.803,3.732],[97.87,3.571],[97.907,3.554],[97.95,3.392],[98.03,3.33],[97.985,3.276],[97.872,3.249],[97.925,3.226],[97.979,3.127],[97.983,3.084],[97.939,3.072],[97.955,2.9],[98.088,2.822],[98.124,2.655],[98.085,2.634],[98.084,2.509],[98.188,2.319],[98.153,2.146],[97.949,2.268],[97.807,2.268],[97.787,2.235],[97.66,2.403],[97.651,2.668],[97.581,2.89],[97.391,2.966],[97.31,3.069],[97.266,3.21],[97.169,3.257],[97.002,3.546],[96.905,3.601],[96.864,3.694],[96.768,3.739],[96.528,3.732],[96.416,3.818],[96.208,4.088],[96.015,4.215],[95.504,4.709],[95.424,4.817],[95.3,5.116],[95.309,5.163],[95.214,5.311],[95.251,5.368],[95.243,5.46],[95.195,5.528],[95.441,5.657],[95.488,5.613],[95.607,5.629],[95.891,5.5],[95.904,5.441],[96.085,5.288],[96.392,5.21],[96.46,5.235],[96.537,5.196],[96.635,5.209],[96.825,5.272],[97.01,5.258],[97.143,5.2],[97.156,5.148],[97.193,5.142],[97.494,5.249],[97.823,4.92],[97.9,4.886],[97.959,4.672],[98.012,4.616],[97.97,4.559],[97.995,4.528],[98.17,4.501],[98.286,4.417],[98.256,4.291]]],[[[96.0,2.587],[95.938,2.572],[95.814,2.645],[95.69,2.773],[95.805,2.927],[95.903,2.89],[95.867,2.85],[96.105,2.737],[96.093,2.652],[96.198,2.642],[96.245,2.585],[96.335,2.548],[96.365,2.486],[96.424,2.488],[96.49,2.362],[96.424,2.328],[96.309,2.357],[96.301,2.423],[96.221,2.441],[96.069,2.568],[96.0,2.587]]],[[[97.294,2.079],[97.256,2.133],[97.133,2.201],[97.162,2.236],[97.215,2.203],[97.271,2.223],[97.337,2.159],[97.294,2.079]]],[[[95.329,5.772],[95.287,5.78],[95.287,5.841],[95.322,5.877],[95.375,5.847],[95.329,5.772]]],[[[97.111,2.112],[97.154,2.067],[97.104,2.015],[97.069,2.07],[97.111,2.112]]],[[[96.63,2.12],[96.68,2.087],[96.639,2.058],[96.607,2.084],[96.63,2.12]]]]}},{"type":"Feature","properties":{"provinsi":"Kalimantan Barat"},"geometry":{"type":"MultiPolygon","coordinates":[[[[110.113,-2.675],[110.045,-2.748],[110.122,-2.749],[110.113,-2.675]]],[[[108.898,-1.535],[108.873,-1.568],[108.799,-1.572],[108.858,-1.677],[108.983,-1.601],[108.898,-1.535]]],[[[109.498,-0.979],[109.459,-1.003],[109.425,-1.206],[109.38,-1.255],[109.504,-1.308],[109.78,-1.145],[109.76,-1.005],[109.718,-0.989],[109.675,-1.021],[109.638,-0.987],[109.552,-1.003],[109.498,-0.979]]],[[[109.252,-0.662],[109.244,-0.83],[109.307,-0.906],[109.406,-0.933],[109.44,-0.858],[109.583,-0.898],[109.609,-0.964],[109.683,-1.014],[109.721,-0.974],[109.744,-0.901],[109.712,-0.834],[109.535,-0.738],[109.466,-0.755],[109.252,-0.662]]],[[[109.483,-0.628],[109.461,-0.631],[109.503,-0.695],[109.581,-0.679],[109.584,-0.653],[109.483,-0.628]]],[[[109.364,-0.617],[109.361,-0.653],[109.449,-0.66],[109.364,-0.617]]],[[[109.127,-0.202],[109.056,-0.227],[109.102,-0.333],[109.083,-0.27],[109.193,-0.219],[109.127,-0.202]]],[[[109.178,-0.117],[109.164,-0.061],[109.124,-0.116],[109.176,-0.194],[109.178,-0.117]]],[[[114.205,1.41],[114.143,1.466],[113.975,1.45],[113.815,1.366],[113.804,1.3],[113.633,1.219],[113.538,1.323],[113.428,1.286],[113.328,1.375],[113.183,1.377],[113.097,1.443],[112.981,1.408],[113.068,1.541],[113.034,1.566],[112.884,1.587],[112.841,1.538],[112.501,1.584],[112.434,1.527],[112.212,1.45],[112.232,1.379],[112.171,1.282],[112.143,1.135],[111.935,1.122],[111.87,1.013],[111.818,0.986],[111.668,1.043],[111.531,0.954],[111.489,1.035],[111.413,1.008],[111.232,1.086],[110.907,1.029],[110.886,0.978],[110.806,0.938],[110.81,0.9],[110.771,0.932],[110.69,0.863],[110.638,0.892],[110.553,0.86],[110.444,0.909],[110.396,0.998],[110.276,0.997],[110.287,1.04],[110.21,1.119],[110.193,1.183],[110.065,1.209],[110.064,1.263],[109.98,1.299],[109.963,1.403],[109.838,1.422],[109.838,1.476],[109.801,1.47],[109.799,1.505],[109.662,1.617],[109.685,1.782],[109.586,1.792],[109.539,1.912],[109.56,1.971],[109.62,1.983],[109.625,2.065],[109.593,1.996],[109.338,1.943],[109.339,1.842],[109.252,1.66],[109.06,1.526],[109.036,1.33],[108.964,1.217],[108.971,1.177],[108.903,1.163],[108.979,0.981],[108.949,0.899],[108.841,0.815],[108.929,0.624],[108.907,0.505],[108.944,0.382],[108.913,0.34],[109.087,0.251],[109.143,0.119],[109.248,0.027],[109.17,0.034],[109.198,-0.221],[109.09,-0.274],[109.114,-0.343],[109.149,-0.358],[109.098,-0.362],[109.132,-0.547],[109.15,-0.569],[109.202,-0.552],[109.254,-0.605],[109.374,-0.585],[109.418,-0.631],[109.473,-0.617],[109.586,-0.653],[109.596,-0.694],[109.657,-0.671],[109.697,-0.716],[109.633,-0.751],[109.635,-0.796],[109.75,-0.875],[109.732,-0.988],[109.82,-1.084],[109.94,-1.124],[109.907,-1.204],[110.063,-1.352],[110.033,-1.664],[109.984,-1.74],[109.914,-1.773],[109.902,-1.831],[110.075,-1.939],[110.118,-2.032],[110.086,-2.242],[110.133,-2.294],[110.149,-2.429],[110.197,-2.524],[110.159,-2.631],[110.217,-2.653],[110.222,-2.739],[110.264,-2.779],[110.224,-2.887],[110.263,-2.964],[110.303,-2.994],[110.425,-2.893],[110.564,-2.839],[110.624,-2.89],[110.635,-2.992],[110.611,-2.99],[110.65,-3.04],[110.726,-3.002],[110.8,-2.907],[110.967,-2.858],[111.007,-2.8],[111.146,-2.741],[111.172,-2.686],[111.119,-2.653],[111.105,-2.433],[111.032,-2.241],[111.079,-2.161],[111.057,-2.072],[111.09,-2.016],[110.98,-1.946],[111.003,-1.697],[110.974,-1.669],[110.901,-1.713],[110.855,-1.674],[110.859,-1.63],[110.979,-1.54],[111.119,-1.553],[111.157,-1.434],[111.26,-1.416],[111.332,-1.334],[111.393,-1.328],[111.389,-1.271],[111.446,-1.224],[111.55,-1.209],[111.643,-0.97],[111.75,-0.913],[111.825,-0.911],[111.915,-0.843],[111.925,-0.792],[112.013,-0.795],[112.085,-0.702],[112.175,-0.726],[112.178,-0.643],[112.21,-0.615],[112.274,-0.647],[112.31,-0.72],[112.388,-0.714],[112.431,-0.671],[112.568,-0.696],[112.733,-0.633],[112.745,-0.572],[112.836,-0.577],[113.027,-0.476],[113.063,-0.509],[113.152,-0.449],[113.226,-0.498],[113.265,-0.419],[113.209,-0.345],[113.292,-0.242],[113.414,-0.159],[113.398,-0.125],[113.44,-0.076],[113.418,0.126],[113.273,0.243],[113.323,0.273],[113.461,0.278],[113.772,0.564],[113.842,0.703],[113.895,0.739],[113.874,0.78],[113.926,0.84],[113.871,0.889],[113.912,0.968],[113.89,1.047],[113.948,1.061],[113.989,1.127],[114.094,1.106],[114.22,1.16],[114.187,1.269],[114.209,1.334],[114.166,1.382],[114.205,1.41]]]]}},{"type":"Feature","properties":{"provinsi":"Kalimantan Tengah"},"geometry":{"type":"MultiPolygon","coordinates":[[[[115.754,-1.315],[115.77,-1.231],[115.847,-1.157],[115.792,-1.116],[115.759,-1.136],[115.692,-1.052],[115.655,-1.052],[115.649,-0.99],[115.498,-0.85],[115.393,-0.822],[115.352,-0.58],[115.253,-0.452],[115.222,-0.307],[115.254,-0.301],[115.239,-0.233],[115.26,-0.159],[115.309,-0.117],[115.31,-0.06],[115.262,-0.047],[115.183,-0.083],[115.15,-0.135],[115.045,-0.19],[114.929,-0.191],[114.895,0.04],[114.795,0.084],[114.802,0.172],[114.897,0.312],[115.023,0.33],[115.049,0.3],[115.129,0.375],[115.133,0.432],[115.011,0.607],[114.958,0.762],[114.917,0.777],[114.862,0.737],[114.834,0.754],[114.668,0.704],[114.62,0.643],[114.545,0.631],[114.525,0.559],[114.463,0.561],[114.41,0.495],[114.32,0.541],[114.203,0.54],[114.194,0.586],[114.159,0.599],[114.177,0.64],[114.123,0.695],[114.012,0.65],[113.889,0.641],[113.843,0.666],[113.772,0.564],[113.669,0.49],[113.657,0.439],[113.461,0.278],[113.323,0.273],[113.273,0.243],[113.418,0.126],[113.44,-0.076],[113.398,-0.125],[113.414,-0.159],[113.292,-0.242],[113.209,-0.345],[113.265,-0.419],[113.226,-0.498],[113.152,-0.449],[113.063,-0.509],[113.027,-0.476],[112.836,-0.577],[112.745,-0.572],[112.733,-0.633],[112.568,-0.696],[112.431,-0.671],[112.388,-0.714],[112.31,-0.72],[112.274,-0.647],[112.21,-0.615],[112.178,-0.643],[112.175,-0.726],[112.085,-0.702],[112.013,-0.795],[111.925,-0.792],[111.915,-0.843],[111.825,-0.911],[111.75,-0.913],[111.643,-0.97],[111.55,-1.209],[111.446,-1.224],[111.389,-1.271],[111.393,-1.328],[111.332,-1.334],[111.26,-1.416],[111.157,-1.434],[111.119,-1.553],[110.979,-1.54],[110.859,-1.63],[110.855,-1.674],[110.901,-1.713],[110.974,-1.669],[111.003,-1.697],[110.98,-1.946],[111.09,-2.016],[111.057,-2.072],[111.079,-2.161],[111.032,-2.241],[111.105,-2.433],[111.119,-2.653],[111.172,-2.686],[111.146,-2.741],[111.007,-2.8],[110.967,-2.858],[110.8,-2.907],[110.734,-2.988],[110.831,-2.986],[110.983,-3.066],[111.334,-2.912],[111.412,-2.904],[111.555,-3.011],[111.69,-2.942],[111.669,-2.894],[111.718,-2.847],[111.825,-3.051],[111.798,-3.204],[111.817,-3.403],[111.772,-3.509],[111.841,-3.539],[111.922,-3.527],[112.256,-3.314],[112.406,-3.345],[112.563,-3.447],[113.009,-3.16],[112.942,-3.118],[113.032,-2.976],[113.168,-3.069],[113.337,-3.275],[113.327,-3.213],[113.364,-3.272],[113.45,-3.19],[113.596,-3.167],[113.633,-3.298],[113.582,-3.445],[113.627,-3.465],[113.833,-3.445],[114.044,-3.347],[114.053,-3.311],[114.135,-3.383],[114.253,-3.368],[114.255,-3.403],[114.347,-3.461],[114.358,-3.322],[114.449,-3.21],[114.423,-3.18],[114.546,-3.068],[114.507,-2.999],[114.567,-2.864],[114.615,-2.885],[114.597,-2.816],[114.666,-2.798],[114.68,-2.739],[114.763,-2.72],[114.802,-2.584],[114.915,-2.459],[115.249,-2.245],[115.243,-2.215],[115.291,-2.226],[115.33,-2.163],[115.304,-2.137],[115.323,-2.072],[115.408,-2.058],[115.432,-1.926],[115.356,-1.85],[115.451,-1.559],[115.577,-1.381],[115.754,-1.315]]]]}},{"type":"Feature","properties":{"provinsi":"Kalimantan Selatan"},"geometry":{"type":"MultiPolygon","coordinates":[[[[116.411,-3.362],[116.313,-3.551],[116.362,-3.652],[116.399,-3.626],[116.435,-3.422],[116.411,-3.362]]],[[[116.26,-3.212],[116.114,-3.308],[116.002,-3.638],[116.082,-3.833],[116.039,-4.022],[116.091,-4.061],[116.272,-3.908],[116.31,-3.915],[116.272,-3.821],[116.337,-3.726],[116.299,-3.709],[116.306,-3.591],[116.273,-3.553],[116.314,-3.479],[116.253,-3.389],[116.281,-3.223],[116.26,-3.212]]],[[[116.559,-2.405],[116.161,-2.307],[115.89,-2.336],[115.858,-2.387],[115.8,-2.184],[115.837,-2.059],[115.754,-2.05],[115.725,-2.026],[115.748,-1.995],[115.696,-1.974],[115.727,-1.804],[115.681,-1.789],[115.708,-1.728],[115.666,-1.708],[115.631,-1.578],[115.647,-1.511],[115.619,-1.488],[115.688,-1.445],[115.754,-1.315],[115.577,-1.381],[115.524,-1.43],[115.382,-1.719],[115.356,-1.85],[115.432,-1.926],[115.408,-2.058],[115.323,-2.072],[115.304,-2.137],[115.33,-2.163],[115.291,-2.226],[115.243,-2.215],[115.249,-2.245],[114.915,-2.459],[114.802,-2.584],[114.763,-2.72],[114.68,-2.739],[114.666,-2.798],[114.597,-2.816],[114.615,-2.885],[114.567,-2.864],[114.507,-2.999],[114.546,-3.068],[114.423,-3.18],[114.449,-3.21],[114.349,-3.348],[114.347,-3.461],[114.503,-3.515],[114.616,-3.649],[114.62,-4.161],[114.703,-4.172],[115.007,-4.013],[115.718,-3.731],[115.823,-3.637],[115.97,-3.607],[116.031,-3.364],[116.086,-3.282],[116.184,-3.229],[116.168,-3.166],[116.068,-3.155],[116.132,-3.137],[116.181,-3.161],[116.208,-3.129],[116.275,-3.125],[116.173,-3.062],[116.156,-3.015],[116.085,-2.99],[116.121,-2.956],[116.119,-2.826],[116.205,-2.936],[116.222,-3.007],[116.264,-3.005],[116.364,-2.878],[116.369,-2.659],[116.411,-2.588],[116.353,-2.554],[116.263,-2.656],[116.246,-2.636],[116.288,-2.615],[116.303,-2.533],[116.353,-2.518],[116.455,-2.504],[116.481,-2.571],[116.509,-2.562],[116.559,-2.405]]]]}},{"type":"Feature","properties":{"provinsi":"Kalimantan Timur"},"geometry":{"type":"MultiPolygon","coordinates":[[[[117.472,-0.746],[117.544,-0.811],[117.553,-0.792],[117.472,-0.746]]],[[[117.46,-0.703],[117.446,-0.741],[117.554,-0.785],[117.611,-0.774],[117.609,-0.731],[117.515,-0.736],[117.46,-0.703]]],[[[117.32,-0.719],[117.307,-0.677],[117.291,-0.784],[117.305,-0.832],[117.344,-0.832],[117.32,-0.798],[117.343,-0.813],[117.311,-0.858],[117.344,-0.914],[117.392,-0.879],[117.32,-0.719]]],[[[117.364,-0.646],[117.411,-0.696],[117.433,-0.66],[117.396,-0.63],[117.364,-0.646]]],[[[117.323,-0.633],[117.3,-0.633],[117.332,-0.75],[117.41,-0.884],[117.434,-0.844],[117.373,-0.78],[117.387,-0.731],[117.323,-0.633]]],[[[117.5,-0.614],[117.479,-0.623],[117.526,-0.654],[117.569,-0.626],[117.5,-0.614]]],[[[117.373,-0.599],[117.345,-0.608],[117.476,-0.668],[117.373,-0.599]]],[[[117.346,-0.59],[117.29,-0.592],[117.368,-0.644],[117.386,-0.627],[117.346,-0.59]]],[[[117.475,-0.556],[117.374,-0.592],[117.433,-0.586],[117.456,-0.629],[117.463,-0.596],[117.501,-0.589],[117.475,-0.556]]],[[[117.556,-0.508],[117.505,-0.526],[117.52,-0.603],[117.578,-0.578],[117.586,-0.522],[117.556,-0.508]]],[[[117.551,-0.44],[117.424,-0.528],[117.419,-0.562],[117.588,-0.479],[117.551,-0.44]]],[[[117.62,-0.418],[117.552,-0.438],[117.563,-0.464],[117.604,-0.477],[117.62,-0.418]]],[[[117.524,-0.351],[117.443,-0.5],[117.537,-0.394],[117.524,-0.351]]],[[[117.489,-0.329],[117.431,-0.398],[117.445,-0.441],[117.489,-0.329]]],[[[118.468,1.466],[118.48,1.393],[118.52,1.386],[118.468,1.466]]],[[[117.872,1.95],[117.873,1.972],[117.827,1.95],[117.86,1.893],[117.872,1.95]]],[[[117.856,2.078],[117.813,2.09],[117.802,2.026],[117.911,2.046],[117.856,2.078]]],[[[117.778,2.084],[117.712,2.076],[117.714,2.033],[117.741,2.052],[117.785,2.022],[117.751,2.063],[117.778,2.084]]],[[[117.828,2.096],[117.796,2.11],[117.752,2.058],[117.801,2.042],[117.828,2.096]]],[[[117.897,2.079],[117.9,2.123],[117.864,2.145],[117.832,2.112],[117.897,2.079]]],[[[117.804,2.165],[117.714,2.162],[117.734,2.086],[117.802,2.121],[117.804,2.165]]],[[[117.874,2.153],[117.811,2.191],[117.83,2.117],[117.867,2.148],[117.913,2.099],[117.957,2.13],[117.874,2.153]]],[[[117.986,2.436],[117.857,2.392],[117.809,2.327],[117.742,2.336],[117.612,2.522],[117.499,2.523],[117.403,2.61],[117.315,2.626],[117.218,2.596],[117.074,2.608],[116.708,2.438],[116.581,2.428],[116.437,2.51],[116.428,2.436],[116.31,2.264],[116.316,2.117],[116.221,2.092],[116.233,2.028],[116.194,1.981],[116.129,1.663],[116.077,1.654],[116.009,1.527],[115.973,1.531],[115.852,1.436],[115.826,1.367],[115.769,1.355],[115.761,1.26],[115.632,1.285],[115.495,1.255],[115.426,1.219],[115.418,1.144],[115.365,1.066],[115.252,1.047],[115.186,1.068],[115.174,1.116],[115.016,1.121],[114.974,1.193],[114.936,1.178],[114.88,1.211],[114.848,1.168],[114.727,1.264],[114.715,1.332],[114.639,1.386],[114.634,1.432],[114.59,1.463],[114.569,1.43],[114.526,1.443],[114.405,1.523],[114.238,1.448],[114.166,1.382],[114.209,1.334],[114.187,1.269],[114.22,1.16],[114.094,1.106],[113.989,1.127],[113.948,1.061],[113.89,1.047],[113.912,0.968],[113.871,0.889],[113.926,0.84],[113.874,0.78],[113.895,0.739],[113.842,0.703],[113.843,0.666],[113.889,0.641],[114.012,0.65],[114.123,0.695],[114.219,0.529],[114.32,0.541],[114.41,0.495],[114.463,0.561],[114.525,0.559],[114.545,0.631],[114.62,0.643],[114.668,0.704],[114.834,0.754],[114.862,0.737],[114.917,0.777],[114.979,0.739],[115.011,0.607],[115.133,0.432],[115.129,0.375],[115.049,0.3],[115.023,0.33],[114.897,0.312],[114.802,0.172],[114.795,0.084],[114.895,0.04],[114.929,-0.191],[115.045,-0.19],[115.15,-0.135],[115.183,-0.083],[115.262,-0.047],[115.31,-0.06],[115.309,-0.117],[115.26,-0.159],[115.239,-0.233],[115.254,-0.301],[115.222,-0.307],[115.253,-0.452],[115.352,-0.58],[115.38,-0.802],[115.498,-0.85],[115.649,-0.99],[115.655,-1.052],[115.692,-1.052],[115.759,-1.136],[115.792,-1.116],[115.847,-1.157],[115.77,-1.231],[115.742,-1.364],[115.688,-1.445],[115.619,-1.488],[115.647,-1.511],[115.631,-1.578],[115.666,-1.708],[115.708,-1.728],[115.681,-1.789],[115.727,-1.804],[115.696,-1.974],[115.748,-1.995],[115.725,-2.026],[115.754,-2.05],[115.837,-2.059],[115.8,-2.184],[115.858,-2.387],[115.89,-2.336],[116.161,-2.307],[116.559,-2.405],[116.586,-2.17],[116.505,-2.232],[116.542,-2.167],[116.411,-2.211],[116.524,-2.155],[116.515,-2.127],[116.365,-2.108],[116.458,-2.063],[116.457,-1.92],[116.421,-1.864],[116.451,-1.773],[116.375,-1.762],[116.262,-1.81],[116.25,-1.79],[116.313,-1.704],[116.559,-1.6],[116.54,-1.465],[116.762,-1.362],[116.767,-1.236],[116.816,-1.241],[116.811,-1.281],[116.933,-1.253],[117.179,-0.945],[117.249,-0.907],[117.304,-0.683],[117.277,-0.581],[117.413,-0.539],[117.453,-0.463],[117.425,-0.429],[117.464,-0.376],[117.42,-0.213],[117.518,-0.032],[117.519,0.027],[117.472,0.066],[117.522,0.125],[117.485,0.173],[117.528,0.22],[117.559,0.418],[117.612,0.432],[117.605,0.488],[117.673,0.615],[117.708,0.624],[117.751,0.756],[117.914,0.837],[117.973,0.773],[118.029,0.78],[117.972,0.98],[117.891,1.106],[117.984,1.059],[118.008,0.961],[118.065,0.903],[118.32,0.85],[118.361,0.804],[118.443,0.844],[118.593,0.812],[118.677,0.857],[118.706,0.818],[118.795,0.802],[118.988,0.988],[118.989,1.026],[118.946,1.058],[118.836,1.051],[118.768,1.195],[118.58,1.354],[118.442,1.376],[118.429,1.426],[118.385,1.434],[118.422,1.452],[118.407,1.487],[118.135,1.634],[118.052,1.734],[118.048,1.783],[117.911,1.821],[117.833,1.91],[117.806,1.986],[117.824,2.01],[117.701,2.036],[117.723,2.137],[117.683,2.178],[118.021,2.198],[118.094,2.276],[118.086,2.326],[118.054,2.367],[118.015,2.366],[117.986,2.436]]]]}},{"type":"Feature","properties":{"provinsi":"Kalimantan Utara"},"geometry":{"type":"MultiPolygon","coordinates":[[[[117.706,2.839],[117.641,2.815],[117.73,2.807],[117.706,2.839]]],[[[117.581,2.903],[117.546,2.892],[117.635,2.85],[117.717,2.872],[117.713,2.896],[117.581,2.903]]],[[[117.687,2.935],[117.606,2.917],[117.711,2.904],[117.687,2.935]]],[[[117.463,2.953],[117.541,2.912],[117.573,2.945],[117.463,2.953]]],[[[117.667,2.987],[117.564,2.954],[117.583,2.928],[117.666,2.937],[117.693,2.946],[117.667,2.987]]],[[[117.479,2.959],[117.534,2.958],[117.559,3.006],[117.479,2.959]]],[[[117.623,3.059],[117.52,3.016],[117.578,2.984],[117.623,3.059]]],[[[117.53,3.068],[117.446,3.054],[117.36,2.963],[117.451,2.966],[117.503,3.065],[117.553,3.04],[117.53,3.068]]],[[[117.459,3.112],[117.39,3.095],[117.391,3.031],[117.477,3.096],[117.459,3.112]]],[[[117.447,3.341],[117.384,3.287],[117.436,3.279],[117.457,3.305],[117.47,3.275],[117.517,3.276],[117.505,3.322],[117.447,3.341]]],[[[117.489,3.408],[117.449,3.402],[117.455,3.347],[117.505,3.355],[117.489,3.408]]],[[[117.417,3.421],[117.367,3.426],[117.411,3.397],[117.416,3.346],[117.444,3.399],[117.417,3.421]]],[[[117.619,3.439],[117.549,3.442],[117.515,3.381],[117.648,3.241],[117.669,3.404],[117.619,3.439]]],[[[117.445,3.55],[117.416,3.542],[117.547,3.471],[117.615,3.487],[117.445,3.55]]],[[[117.248,3.588],[117.201,3.539],[117.231,3.497],[117.477,3.435],[117.518,3.482],[117.371,3.563],[117.248,3.588]]],[[[117.622,3.576],[117.51,3.579],[117.628,3.537],[117.656,3.56],[117.622,3.576]]],[[[117.817,3.577],[117.756,3.564],[117.751,3.535],[117.867,3.45],[117.817,3.577]]],[[[117.422,3.601],[117.292,3.597],[117.436,3.562],[117.456,3.583],[117.422,3.601]]],[[[117.482,3.637],[117.43,3.624],[117.491,3.598],[117.52,3.634],[117.482,3.637]]],[[[117.745,3.699],[117.733,3.718],[117.709,3.669],[117.734,3.631],[117.769,3.682],[117.745,3.699]]],[[[117.68,3.776],[117.777,3.686],[117.826,3.704],[117.68,3.776]]],[[[117.595,3.78],[117.484,3.765],[117.52,3.674],[117.601,3.626],[117.718,3.634],[117.729,3.74],[117.665,3.784],[117.595,3.78]]],[[[117.735,3.873],[117.71,3.861],[117.744,3.806],[117.827,3.783],[117.735,3.873]]],[[[117.523,4.028],[117.5,4.053],[117.443,4.006],[117.462,3.93],[117.542,3.928],[117.606,3.882],[117.682,3.888],[117.683,3.914],[117.597,3.933],[117.523,4.028]]],[[[117.661,4.147],[117.589,4.08],[117.603,4.011],[117.669,3.966],[117.724,3.984],[117.754,4.062],[117.661,4.147]]],[[[117.901,4.166],[117.683,4.167],[117.861,4.029],[117.926,4.063],[117.901,4.166]]],[[[117.986,2.436],[117.799,2.629],[117.785,2.748],[117.615,2.795],[117.6,2.814],[117.665,2.845],[117.595,2.858],[117.449,2.96],[117.354,2.956],[117.386,3.037],[117.345,3.074],[117.367,3.117],[117.386,3.096],[117.462,3.127],[117.444,3.162],[117.294,3.204],[117.215,3.184],[117.278,3.195],[117.224,3.25],[117.33,3.211],[117.379,3.229],[117.397,3.257],[117.353,3.267],[117.415,3.337],[117.412,3.391],[117.355,3.449],[117.221,3.486],[117.194,3.542],[117.226,3.604],[117.135,3.621],[117.016,3.596],[117.15,3.643],[117.428,3.625],[117.489,3.653],[117.423,3.692],[117.473,3.713],[117.493,3.775],[117.591,3.796],[117.649,3.772],[117.732,3.816],[117.669,3.879],[117.458,3.93],[117.455,3.985],[117.413,4.019],[117.438,4.013],[117.474,4.071],[117.391,4.136],[117.524,4.103],[117.584,4.179],[117.468,4.174],[117.249,4.374],[117.201,4.335],[117.044,4.347],[117.022,4.319],[116.912,4.369],[116.844,4.326],[116.752,4.39],[116.702,4.334],[116.642,4.336],[116.567,4.408],[116.542,4.334],[116.442,4.288],[116.438,4.323],[116.349,4.39],[116.281,4.36],[116.168,4.391],[116.156,4.338],[116.117,4.335],[116.076,4.277],[116.004,4.347],[115.879,4.391],[115.871,4.286],[115.818,4.225],[115.768,4.245],[115.704,4.192],[115.641,3.962],[115.568,3.92],[115.617,3.875],[115.575,3.721],[115.581,3.596],[115.658,3.439],[115.625,3.408],[115.588,3.45],[115.544,3.358],[115.519,3.197],[115.563,3.152],[115.515,3.109],[115.499,3.03],[115.404,2.984],[115.332,2.976],[115.286,3.047],[115.25,2.965],[115.165,2.927],[115.153,2.87],[115.104,2.832],[115.155,2.793],[115.096,2.698],[115.121,2.655],[115.094,2.605],[115.115,2.583],[115.171,2.613],[115.253,2.541],[115.251,2.509],[115.206,2.471],[115.138,2.469],[115.098,2.402],[115.052,2.404],[114.995,2.348],[114.97,2.368],[114.949,2.324],[114.969,2.294],[114.918,2.255],[114.814,2.262],[114.789,2.201],[114.742,2.191],[114.742,2.132],[114.792,2.146],[114.824,2.118],[114.81,2.026],[114.882,2.031],[114.852,1.972],[114.881,1.92],[114.791,1.847],[114.747,1.869],[114.706,1.821],[114.705,1.637],[114.61,1.575],[114.59,1.463],[114.672,1.353],[114.7,1.354],[114.727,1.264],[114.848,1.168],[114.896,1.209],[114.99,1.183],[115.016,1.121],[115.174,1.116],[115.2,1.062],[115.365,1.066],[115.436,1.229],[115.594,1.283],[115.761,1.26],[115.769,1.355],[115.826,1.367],[115.852,1.436],[115.973,1.531],[116.009,1.527],[116.077,1.654],[116.129,1.663],[116.194,1.981],[116.233,2.028],[116.221,2.092],[116.316,2.117],[116.31,2.264],[116.428,2.436],[116.437,2.51],[116.581,2.428],[116.708,2.438],[117.074,2.608],[117.218,2.596],[117.315,2.626],[117.403,2.61],[117.499,2.523],[117.612,2.522],[117.742,2.336],[117.809,2.327],[117.857,2.392],[117.986,2.436]]]]}}]}